-- +goose Up
-- +goose StatementBegin
INSERT INTO users (id, created_at, updated_at, deleted_at, name, email, password, role, email_verfied_at) VALUES
('a79a39e5-d70f-41ae-b7e6-36246a99172d', '2025-03-04 01:36:02.885554+00', '2025-03-04 01:36:02.885554+00', NULL, 'Muhammad Miftakul Salam', 'madmifta77@gmail.com', '$2a$04$3Q40cRCRGVWEpL2OKu7LDu8fGaMWNrO7FRdSuvZsMQxLWziQB/vPa', 'user', '2025-03-04 08:36:54.883825');

INSERT INTO wallets (id, created_at, updated_at, deleted_at, user_id, wallet_type_id, name, balance, number) VALUES
('ce4b1003-5556-4b9e-8ed0-574417977c54', '2025-04-02 01:49:17.505059+00', '2025-04-02 01:49:17.505059+00', NULL, 'a79a39e5-d70f-41ae-b7e6-36246a99172d', '9d68612c-3d50-4b74-bf22-e452e69be052', 'BTN KTM', 0.00, '37701610377448'),
('b1179f54-ce4a-4063-b9c7-89796008772f', '2025-04-02 02:34:16.489137+00', '2025-04-02 02:34:16.489137+00', NULL, 'a79a39e5-d70f-41ae-b7e6-36246a99172d', '1f9cf249-058a-47ab-9049-9c505a05fcdf', 'Dana', 591.00, '089676360546'),
('ee7c1bb6-cf7c-4e15-a82e-613e920e4e28', '2025-04-02 02:06:19.672516+00', '2025-05-28 14:15:34.685095+00', NULL, 'a79a39e5-d70f-41ae-b7e6-36246a99172d', '35197fbf-e14c-4057-bd9a-3c6cd4496277', 'OVO', 10588.00, '089676360546'),
('ad76d679-e8ea-4447-99e8-ee83df34e384', '2025-04-13 07:50:02.28514+00', '2025-07-13 10:03:25.786189+00', NULL, 'a79a39e5-d70f-41ae-b7e6-36246a99172d', '26942d5c-8ff3-47c0-bfec-80674f7369a7', 'Pluang Rupiah Wallet', 0.00, '—'),
('f164a13d-8e1f-499a-bf74-ccbbd524e971', '2025-04-02 02:01:35.452898+00', '2025-07-16 02:50:14.389794+00', NULL, 'a79a39e5-d70f-41ae-b7e6-36246a99172d', 'bc1e8fab-6483-40a4-9fbb-0e9970f740e0', 'Celengan', 0.00, '—'),
('59ae3342-9c61-4b61-a46c-75b0244fb29a', '2025-04-02 02:04:17.091977+00', '2025-06-23 02:45:52.687996+00', NULL, 'a79a39e5-d70f-41ae-b7e6-36246a99172d', '02e8d165-2f9b-4a6b-8b79-59c0c70e3119', 'Gopay', 2646.00, '089676360546'),
('c42896bb-f908-45d7-a3c6-4a22e04e38d7', '2025-04-02 01:42:25.75385+00', '2025-06-30 05:29:38.9231+00', NULL, 'a79a39e5-d70f-41ae-b7e6-36246a99172d', '9d68612c-3d50-4b74-bf22-e452e69be052', 'BTN KIP Kuliah', 36230.00, '37701610323863'),
('d79c5197-e041-4510-b818-c5859a54eab4', '2025-04-02 02:05:14.184759+00', '2025-06-30 05:31:05.307493+00', NULL, 'a79a39e5-d70f-41ae-b7e6-36246a99172d', '72c0865c-55f8-47e6-a08b-b1836d936ed4', 'Shopeepay', 3050.00, '089676360546'),
('63f462e6-23b5-480f-9b60-72dec314b341', '2025-04-02 01:52:45.806645+00', '2025-08-12 02:21:48.118118+00', NULL, 'a79a39e5-d70f-41ae-b7e6-36246a99172d', '27dbdd65-679c-4661-b6ef-77065103ce36', 'Tabungan NOW', 11266.00, '1410024911281'),
('496b6cec-588b-4556-ad37-716e1e9e1b37', '2025-06-05 13:44:13.351604+00', '2025-08-13 02:53:28.702141+00', NULL, 'a79a39e5-d70f-41ae-b7e6-36246a99172d', 'cda31d4a-7746-4b7e-a75a-aae522dcdc26', 'BCA Xpresi', 1071582.00, '6720882360'),
('ee396999-b9eb-4471-ab89-d84a3a20fd36', '2025-04-02 02:03:01.57076+00', '2025-08-16 06:12:56.988312+00', NULL, 'a79a39e5-d70f-41ae-b7e6-36246a99172d', 'd0fdc259-4121-476c-8890-b68488a0bf9c', 'Dompet', 32000.00, '—');

INSERT INTO transactions (id, created_at, updated_at, deleted_at, wallet_id, category_id, amount, transaction_date, description) VALUES
('e5b7bdf8-45d3-438c-9985-a651bf5da53d', '2025-04-13 08:01:46.639255+00', '2025-04-13 08:01:46.639255+00', NULL, '63f462e6-23b5-480f-9b60-72dec314b341', 'b5a5d097-6346-4b72-b975-8ebf0b4b72f1', 7351500.00, '2025-04-13 08:00:23.644', 'fund transfer to ad76d679-e8ea-4447-99e8-ee83df34e384(Cash Out)'),
('298979c6-1b98-4eff-be57-5f6bc86181c1', '2025-04-13 08:01:46.648105+00', '2025-04-13 08:01:46.648105+00', NULL, 'ad76d679-e8ea-4447-99e8-ee83df34e384', '75a19b5c-43b4-4f84-ad2c-f844c40eec24', 7345000.00, '2025-04-13 08:00:23.644', 'fund transfer from 63f462e6-23b5-480f-9b60-72dec314b341(Cash In)'),
('9f105ab7-2359-42c2-8bbc-aac2fbcffb96', '2025-04-14 12:41:08.12688+00', '2025-04-14 12:41:08.12688+00', NULL, 'c42896bb-f908-45d7-a3c6-4a22e04e38d7', '296bca0d-9745-45fd-9501-4f752ab51ca6', 69000.00, '2025-04-14 12:39:49.477', 'Paket Data 3 AON 14GB'),
('47d59eff-e6d7-4dfb-90c1-015a7b9eab4f', '2025-04-02 03:08:05.636871+00', '2025-04-02 03:08:05.636871+00', NULL, 'c42896bb-f908-45d7-a3c6-4a22e04e38d7', 'b5a5d097-6346-4b72-b975-8ebf0b4b72f1', 2502500.00, '2025-04-02 03:05:28.766', 'fund transfer to 63f462e6-23b5-480f-9b60-72dec314b341(Cash Out)'),
('2500b591-321c-4271-891e-e6fbb0be9fcb', '2025-04-02 03:08:05.699332+00', '2025-04-02 03:08:05.699332+00', NULL, '63f462e6-23b5-480f-9b60-72dec314b341', '75a19b5c-43b4-4f84-ad2c-f844c40eec24', 2500000.00, '2025-04-02 03:05:28.766', 'fund transfer from c42896bb-f908-45d7-a3c6-4a22e04e38d7(Cash In)'),
('983cad5f-8307-40b4-b780-223f1f409b08', '2025-04-02 09:09:35.984356+00', '2025-04-02 09:09:35.984356+00', NULL, 'f164a13d-8e1f-499a-bf74-ccbbd524e971', '4cbb5a2e-922b-425f-a800-7771e3d23db3', 500000.00, '2025-04-02 09:08:59.244', 'THR Magang'),
('032726ce-8fc1-4595-87c2-c8c61063ce44', '2025-04-02 08:58:39.763041+00', '2025-04-02 08:58:39.763041+00', NULL, '63f462e6-23b5-480f-9b60-72dec314b341', 'edd852f8-560d-4ce0-a3b1-dea519f3f919', 99000.00, '2025-04-02 09:08:59.244', 'Kelas Udemy PZN materi Golang'),
('9464293d-fc46-457d-883b-ba6c516b2f71', '2025-04-02 09:03:24.110707+00', '2025-04-02 09:03:24.110707+00', NULL, 'f164a13d-8e1f-499a-bf74-ccbbd524e971', '4c59f52f-9353-401a-a0dc-8e3926f4858b', 1000000.00, '2025-04-02 09:08:59.244', 'Gaji Magang Bulanan'),
('0e3d4bfb-cbc4-4462-9970-1efe00abba54', '2025-04-07 02:34:13.397492+00', '2025-04-07 02:34:13.397492+00', NULL, 'ee396999-b9eb-4471-ab89-d84a3a20fd36', 'ae009d3c-d03a-4e2e-a505-891f4adcdef7', 25000.00, '2025-04-07 02:22:38.229', 'Beli makan di nganjuk'),
('4a52b8f6-1941-4b3c-8966-c17a49488a38', '2025-04-07 02:37:02.316957+00', '2025-04-07 02:37:02.316957+00', NULL, 'ee396999-b9eb-4471-ab89-d84a3a20fd36', 'ae009d3c-d03a-4e2e-a505-891f4adcdef7', 50000.00, '2025-04-07 02:34:15.516', 'gofood nasi goreng 3'),
('07c2e098-8114-49ce-bd3a-fd2bacab2501', '2025-04-08 12:36:31.702299+00', '2025-04-08 12:36:31.702299+00', NULL, '63f462e6-23b5-480f-9b60-72dec314b341', 'ae009d3c-d03a-4e2e-a505-891f4adcdef7', 5000.00, '2025-04-08 12:36:02.913', 'Es teh + kerupuk di warkop'),
('0f0a4cfd-9649-4c7e-ac85-3d0c13aab641', '2025-04-08 12:37:10.413274+00', '2025-04-08 12:37:10.413274+00', NULL, 'ee396999-b9eb-4471-ab89-d84a3a20fd36', 'd9c4076d-a778-48e5-9914-6c679f9362ab', 40000.00, '2025-04-08 12:36:34.754', 'Pertalite vario 40000'),
('ee00a579-3246-4ebd-93d0-3154519edddd', '2025-04-08 12:42:21.475771+00', '2025-04-08 12:42:21.475771+00', NULL, 'ee396999-b9eb-4471-ab89-d84a3a20fd36', 'ae009d3c-d03a-4e2e-a505-891f4adcdef7', 10000.00, '2025-04-08 12:37:12.02', 'Cireng'),
('e2d54e02-e5fa-462c-bf35-b78fb2e7df93', '2025-04-12 05:49:59.295003+00', '2025-04-12 05:49:59.295003+00', NULL, '63f462e6-23b5-480f-9b60-72dec314b341', 'ae009d3c-d03a-4e2e-a505-891f4adcdef7', 4000.00, '2025-04-12 05:44:05.2', 'es teh warkop'),
('ba3b9152-544e-4ec1-9474-2af9fe83a97d', '2025-04-12 05:54:54.856704+00', '2025-04-12 05:54:54.856704+00', NULL, '63f462e6-23b5-480f-9b60-72dec314b341', '635fdfd1-31f4-472c-8d52-e59a66c31351', 49881.00, '2025-04-12 05:50:04.139', 'Jual Reksadana Pasar Uang MPUSI 37.7698 unit Bibit'),
('0924d77e-2c9d-440c-8332-aec9bb9e4776', '2025-04-12 05:59:15.272265+00', '2025-04-12 05:59:15.272265+00', NULL, '63f462e6-23b5-480f-9b60-72dec314b341', '5ddf661f-beb3-4339-979c-731ab6f57294', 5000.00, '2025-04-12 05:58:39.121', 'Biaya Administrasi Kartu Debit Mandiri'),
('5bbf5d11-4ae0-4342-a282-b3e161742c9e', '2025-04-12 09:02:13.637782+00', '2025-04-12 09:02:13.637782+00', NULL, 'c42896bb-f908-45d7-a3c6-4a22e04e38d7', 'b5a5d097-6346-4b72-b975-8ebf0b4b72f1', 3982500.00, '2025-04-12 08:58:34.536', 'fund transfer to 63f462e6-23b5-480f-9b60-72dec314b341(Cash Out)'),
('921a3dac-0ce1-47c0-bb35-8ae0ee4a814c', '2025-04-12 09:02:13.688563+00', '2025-04-12 09:02:13.688563+00', NULL, '63f462e6-23b5-480f-9b60-72dec314b341', '75a19b5c-43b4-4f84-ad2c-f844c40eec24', 3980000.00, '2025-04-12 08:58:34.536', 'fund transfer from c42896bb-f908-45d7-a3c6-4a22e04e38d7(Cash In)'),
('5230481e-36c2-4827-90d2-cb6710cc5f90', '2025-04-13 07:39:25.086425+00', '2025-04-13 07:39:25.086425+00', NULL, 'c42896bb-f908-45d7-a3c6-4a22e04e38d7', 'b5a5d097-6346-4b72-b975-8ebf0b4b72f1', 442500.00, '2025-04-13 07:36:59.989', 'fund transfer to 63f462e6-23b5-480f-9b60-72dec314b341(Cash Out)'),
('4ddafe02-80f1-4c30-9583-83294049e28a', '2025-04-13 07:39:25.1118+00', '2025-04-13 07:39:25.1118+00', NULL, '63f462e6-23b5-480f-9b60-72dec314b341', '75a19b5c-43b4-4f84-ad2c-f844c40eec24', 440000.00, '2025-04-13 07:36:59.989', 'fund transfer from c42896bb-f908-45d7-a3c6-4a22e04e38d7(Cash In)'),
('b5a76e9f-42ab-4985-ac9c-f200d83acbc5', '2025-04-13 07:41:29.391818+00', '2025-04-13 07:41:29.391818+00', NULL, 'c42896bb-f908-45d7-a3c6-4a22e04e38d7', 'e3311cbb-9bf4-4c13-bd19-148361b4ee24', 2500.00, '2025-04-13 07:41:02.782', 'cashback'),
('48281fb7-90cb-416c-b854-db491e4d3b0d', '2025-04-13 07:53:56.540195+00', '2025-04-13 07:53:56.540195+00', NULL, '63f462e6-23b5-480f-9b60-72dec314b341', 'b5a5d097-6346-4b72-b975-8ebf0b4b72f1', 106500.00, '2025-04-13 07:52:10.108', 'fund transfer to ad76d679-e8ea-4447-99e8-ee83df34e384(Cash Out)'),
('2c7875a4-176f-444e-a10f-6f8493ca7f98', '2025-04-13 07:53:56.544935+00', '2025-04-13 07:53:56.544935+00', NULL, 'ad76d679-e8ea-4447-99e8-ee83df34e384', '75a19b5c-43b4-4f84-ad2c-f844c40eec24', 97000.00, '2025-04-13 07:52:10.108', 'fund transfer from 63f462e6-23b5-480f-9b60-72dec314b341(Cash In)'),
('13d7092f-9b1e-46a5-9006-db0e077e9ba6', '2025-04-14 12:44:15.594395+00', '2025-04-14 12:44:15.594395+00', NULL, 'c42896bb-f908-45d7-a3c6-4a22e04e38d7', 'e3311cbb-9bf4-4c13-bd19-148361b4ee24', 2500.00, '2025-04-14 12:44:00.295', 'cashback'),
('d8228632-1913-4f63-9011-4db5931e4089', '2025-04-15 04:00:52.266506+00', '2025-04-15 04:00:52.266506+00', NULL, 'ee396999-b9eb-4471-ab89-d84a3a20fd36', 'ae009d3c-d03a-4e2e-a505-891f4adcdef7', 15000.00, '2025-04-15 04:00:36.96', 'Beli gorengan'),
('59930ddc-1c53-4061-91bb-ebaef67e1a73', '2025-04-08 12:37:10.583993+00', '2025-04-08 12:37:10.583993+00', '2025-04-15 04:34:14.187168+00', 'ee396999-b9eb-4471-ab89-d84a3a20fd36', 'd9c4076d-a778-48e5-9914-6c679f9362ab', 40000.00, '2025-04-08 12:36:34.754', 'Pertalite vario 40000'),
('c9e6b20e-f055-458a-b621-66eeabf65e8b', '2025-04-17 01:15:21.271426+00', '2025-04-17 01:15:21.271426+00', NULL, 'c42896bb-f908-45d7-a3c6-4a22e04e38d7', 'b5a5d097-6346-4b72-b975-8ebf0b4b72f1', 21000.00, '2025-04-17 01:13:41.012', 'fund transfer to d79c5197-e041-4510-b818-c5859a54eab4(Cash Out)'),
('41c9db1c-13ee-4fb4-b674-98e7ff86a61f', '2025-04-17 01:15:21.301607+00', '2025-04-17 01:15:21.301607+00', NULL, 'd79c5197-e041-4510-b818-c5859a54eab4', '75a19b5c-43b4-4f84-ad2c-f844c40eec24', 20000.00, '2025-04-17 01:13:41.012', 'fund transfer from c42896bb-f908-45d7-a3c6-4a22e04e38d7(Cash In)'),
('ba209277-4c98-4897-a2c3-b51a2327da50', '2025-04-17 01:15:41.798999+00', '2025-04-17 01:15:41.798999+00', NULL, 'c42896bb-f908-45d7-a3c6-4a22e04e38d7', 'b5a5d097-6346-4b72-b975-8ebf0b4b72f1', 14000.00, '2025-04-17 01:15:24.739', 'fund transfer to d79c5197-e041-4510-b818-c5859a54eab4(Cash Out)'),
('0587e2a6-0ac1-4d07-87c9-38d762a630b4', '2025-04-17 01:15:41.801945+00', '2025-04-17 01:15:41.801945+00', NULL, 'd79c5197-e041-4510-b818-c5859a54eab4', '75a19b5c-43b4-4f84-ad2c-f844c40eec24', 13000.00, '2025-04-17 01:15:24.739', 'fund transfer from c42896bb-f908-45d7-a3c6-4a22e04e38d7(Cash In)'),
('23eeecf8-caed-4c4f-8a72-f02faf8be463', '2025-04-17 01:17:20.335971+00', '2025-04-17 01:17:20.335971+00', NULL, 'c42896bb-f908-45d7-a3c6-4a22e04e38d7', 'e3311cbb-9bf4-4c13-bd19-148361b4ee24', 1000.00, '2025-04-17 01:16:56.458', 'cashback'),
('5dbec6d3-6988-48be-8412-ee5522d6a7f7', '2025-04-17 01:17:43.787638+00', '2025-04-17 01:17:43.787638+00', NULL, 'c42896bb-f908-45d7-a3c6-4a22e04e38d7', 'e3311cbb-9bf4-4c13-bd19-148361b4ee24', 1000.00, '2025-04-17 01:17:23.002', 'cashback'),
('d5ea5bf6-f42b-47d6-a071-8df7affe5564', '2025-04-17 23:49:47.623775+00', '2025-04-17 23:49:47.623775+00', NULL, 'c42896bb-f908-45d7-a3c6-4a22e04e38d7', 'b5a5d097-6346-4b72-b975-8ebf0b4b72f1', 99000.00, '2025-04-17 23:49:19.002', 'fund transfer to Shopeepay(Cash Out)'),
('99325f41-3cec-40ac-8972-6e6d63fb26b4', '2025-04-17 23:49:47.644714+00', '2025-04-17 23:49:47.644714+00', NULL, 'd79c5197-e041-4510-b818-c5859a54eab4', '75a19b5c-43b4-4f84-ad2c-f844c40eec24', 99000.00, '2025-04-17 23:49:19.002', 'fund transfer from BTN KIP Kuliah(Cash In)'),
('d783d1b5-6f61-4aad-895b-7e4f5ae392ad', '2025-04-17 23:51:46.450107+00', '2025-04-17 23:51:46.450107+00', NULL, 'd79c5197-e041-4510-b818-c5859a54eab4', '94e06887-016c-4773-8c6d-4e77dec449c6', 7779.00, '2025-04-17 23:50:24.386', 'Video panduan linux'),
('2f374359-122d-4066-b2d8-013540c75c1b', '2025-04-17 23:52:13.419086+00', '2025-04-17 23:52:13.419086+00', NULL, 'd79c5197-e041-4510-b818-c5859a54eab4', '94e06887-016c-4773-8c6d-4e77dec449c6', 12100.00, '2025-04-17 23:51:49.031', 'Video belajar excel'),
('96c4e168-40f2-4dfd-bb18-de67f1175400', '2025-04-17 23:52:42.866045+00', '2025-04-17 23:52:42.866045+00', NULL, 'd79c5197-e041-4510-b818-c5859a54eab4', '94e06887-016c-4773-8c6d-4e77dec449c6', 11249.00, '2025-04-17 23:52:16.348', 'Video fundamental excel'),
('8b135554-19e2-4bbb-99b8-f086813780f6', '2025-04-17 23:53:24.186371+00', '2025-04-17 23:53:24.186371+00', NULL, 'd79c5197-e041-4510-b818-c5859a54eab4', '9d560a79-0c9c-430f-b2f4-2a1d83a69008', 96760.00, '2025-04-17 23:52:45.548', 'Beli cincin + gravir di shopee'),
('f7834823-df16-4328-8e8d-784ac7b7d5d3', '2025-04-19 03:14:50.895371+00', '2025-04-19 03:14:50.895371+00', NULL, 'ee396999-b9eb-4471-ab89-d84a3a20fd36', 'c54b2d78-0308-4efd-876e-b4e3b9aea54b', 20000.00, '2025-04-19 03:13:18.796', 'Pertalite Pom Mini Revo'),
('9fec62fe-eaaa-40b2-8d3b-cc72d45f3101', '2025-04-19 03:15:38.611375+00', '2025-04-19 03:15:38.611375+00', NULL, 'c42896bb-f908-45d7-a3c6-4a22e04e38d7', 'ae009d3c-d03a-4e2e-a505-891f4adcdef7', 19500.00, '2025-04-19 03:14:54.335', 'Nasi goreng + esteh warkop'),
('032694b7-3f1c-4011-873b-db445d98ffe0', '2025-04-19 03:16:56.536477+00', '2025-04-19 03:16:56.536477+00', NULL, 'c42896bb-f908-45d7-a3c6-4a22e04e38d7', 'e3311cbb-9bf4-4c13-bd19-148361b4ee24', 2500.00, '2025-04-19 03:16:40.266', 'cashback'),
('dec8856c-5d82-4a7a-b647-ec2d9c75c172', '2025-04-22 01:19:52.586486+00', '2025-04-22 01:19:52.586486+00', NULL, 'c42896bb-f908-45d7-a3c6-4a22e04e38d7', 'd9c4076d-a778-48e5-9914-6c679f9362ab', 40000.00, '2025-04-22 01:16:36.705', 'Pertalite vario 4lt'),
('75647ee6-f18b-41b8-b6be-5d62943452b8', '2025-04-22 01:21:14.223503+00', '2025-04-22 01:21:14.223503+00', NULL, 'c42896bb-f908-45d7-a3c6-4a22e04e38d7', '219b3106-3211-48f7-a383-f05bfff592c2', 20000.00, '2025-04-22 01:20:33.969', 'Subscribe PM via Discord'),
('b7f5187b-71bd-45e8-9f4a-a1ad7f3c303d', '2025-04-25 01:32:15.506255+00', '2025-04-25 01:32:15.506255+00', NULL, 'ee396999-b9eb-4471-ab89-d84a3a20fd36', '4c59f52f-9353-401a-a0dc-8e3926f4858b', 1000000.00, '2025-04-25 01:31:49.016', 'Gaji Magang Bulanan'),
('79dffe1b-57b0-4214-a4c9-78ec0e7cd05d', '2025-04-25 01:32:59.861375+00', '2025-04-25 01:32:59.861375+00', NULL, 'ee396999-b9eb-4471-ab89-d84a3a20fd36', 'e6a3af62-02ca-4d6e-b786-583d4438e5ea', 400000.00, '2025-04-25 01:32:18.38', 'mama'),
('1a7d249c-3006-428b-88ab-a44bae90e592', '2025-04-25 01:33:34.087778+00', '2025-04-25 01:33:34.087778+00', NULL, 'ee396999-b9eb-4471-ab89-d84a3a20fd36', 'e6a3af62-02ca-4d6e-b786-583d4438e5ea', 100000.00, '2025-04-25 01:33:03.346', 'adik'),
('cdfd3be7-f01e-48b8-bf5b-b4fda528f674', '2025-04-25 01:34:06.711531+00', '2025-04-25 01:34:06.711531+00', NULL, 'ee396999-b9eb-4471-ab89-d84a3a20fd36', 'ae009d3c-d03a-4e2e-a505-891f4adcdef7', 24000.00, '2025-04-25 01:33:37.813', 'singkong krispi'),
('85ebbfdf-1da8-44e8-8a19-82d4598b0645', '2025-04-25 01:35:02.997846+00', '2025-04-25 01:35:02.997846+00', NULL, 'ee396999-b9eb-4471-ab89-d84a3a20fd36', '2e7ec450-2547-415c-94d5-03be88d25bf7', 76000.00, '2025-04-25 01:34:09.228', 'beli facewash dan sunscreen di indomart'),
('27cf2dc9-cbc3-49ef-ad29-0daa83c88f0d', '2025-04-25 01:38:15.514565+00', '2025-04-25 01:38:15.514565+00', NULL, '63f462e6-23b5-480f-9b60-72dec314b341', '635fdfd1-31f4-472c-8d52-e59a66c31351', 472296.00, '2025-04-25 01:35:24.81', 'Jual Reksadana MPUSI 340 unit'),
('7a4b232a-0595-4d1e-b626-3e18e8a15d99', '2025-04-25 01:39:13.110515+00', '2025-04-25 01:39:13.110515+00', NULL, '63f462e6-23b5-480f-9b60-72dec314b341', '635fdfd1-31f4-472c-8d52-e59a66c31351', 528691.00, '2025-04-25 01:38:18.856', 'Jual Reksadana SSSF 437 unit'),
('ac1e34c9-9613-4044-ab49-673cd43400aa', '2025-04-13 08:15:53.335614+00', '2025-07-06 08:51:05.075969+00', NULL, 'ad76d679-e8ea-4447-99e8-ee83df34e384', '5ab8f328-c493-4e76-a99d-4fdabf0f89bb', 7427476.00, '2025-04-13 15:14:45', 'Emas Pluang 4gr'),
('26ecc77d-5ea4-4258-8e8e-b3ac296d52c2', '2025-04-15 03:57:03.824418+00', '2025-07-06 08:54:02.759849+00', NULL, 'ee396999-b9eb-4471-ab89-d84a3a20fd36', '9d560a79-0c9c-430f-b2f4-2a1d83a69008', 65000.00, '2025-04-15 17:51:17', 'Beli kaos polos di Tiktok'),
('eadecf44-fa8a-45b9-8018-5e6f17f9bce4', '2025-04-28 01:25:49.600384+00', '2025-04-28 01:25:49.600384+00', NULL, 'ee396999-b9eb-4471-ab89-d84a3a20fd36', 'ae009d3c-d03a-4e2e-a505-891f4adcdef7', 20000.00, '2025-04-28 01:25:25.157', 'bubur ayam 2'),
('abff7759-ff82-4e46-a8b1-5625dcf9d814', '2025-04-28 01:26:58.442712+00', '2025-04-28 01:26:58.442712+00', NULL, 'ee396999-b9eb-4471-ab89-d84a3a20fd36', '34ab9958-f478-443d-976e-b9f5147c5a12', 50000.00, '2025-04-28 01:25:52.798', 'mini soccer msc 2 jam'),
('ea5060e8-9ac0-47e1-923d-903d178babf3', '2025-04-28 01:28:40.925122+00', '2025-04-28 01:28:40.925122+00', NULL, 'ee396999-b9eb-4471-ab89-d84a3a20fd36', 'd9c4076d-a778-48e5-9914-6c679f9362ab', 39000.00, '2025-04-28 01:27:05.024', 'Pertalite vario 3.9lt'),
('a42618df-54e7-4d81-b1a6-4eba6141956d', '2025-04-28 01:30:27.694411+00', '2025-04-28 01:30:27.694411+00', NULL, 'ee396999-b9eb-4471-ab89-d84a3a20fd36', '552de2ae-6900-42ef-ace5-bfbdc1fce31a', 3000.00, '2025-04-28 01:30:08.723', 'parkir msc'),
('51c3adc9-b35b-44be-8eae-ac73b69ba02a', '2025-04-30 01:16:28.539226+00', '2025-04-30 01:16:28.539226+00', NULL, 'ee396999-b9eb-4471-ab89-d84a3a20fd36', 'ae009d3c-d03a-4e2e-a505-891f4adcdef7', 5000.00, '2025-04-30 01:16:01.058', 'goodday freeze kantin ketintang'),
('1003631e-dcbd-413d-a65d-c45e842a77a9', '2025-04-30 01:18:15.180826+00', '2025-04-30 01:18:15.180826+00', NULL, 'ee396999-b9eb-4471-ab89-d84a3a20fd36', 'b952434f-7b32-419d-8884-cb5638117cf5', 10000.00, '2025-04-30 01:16:35.722', 'print draft ia + map'),
('39641e0b-3884-440a-9b26-05468b747f34', '2025-04-30 01:18:51.263271+00', '2025-04-30 01:18:51.263271+00', NULL, 'ee396999-b9eb-4471-ab89-d84a3a20fd36', 'e1af1a1f-1608-4202-8f97-f9ab8881aa82', 15000.00, '2025-04-30 01:18:19.553', 'potong rambut'),
('cfac467d-3f73-440e-98ca-75415e866743', '2025-05-01 01:38:05.321674+00', '2025-05-01 01:38:05.321674+00', NULL, 'ee396999-b9eb-4471-ab89-d84a3a20fd36', 'ae009d3c-d03a-4e2e-a505-891f4adcdef7', 8000.00, '2025-05-01 01:37:44.294', 'tahu bulat'),
('096d17a3-64e1-469e-a8fb-4b12afb19f97', '2025-05-01 01:38:42.972346+00', '2025-05-01 01:38:42.972346+00', NULL, '63f462e6-23b5-480f-9b60-72dec314b341', 'b5a5d097-6346-4b72-b975-8ebf0b4b72f1', 901000.00, '2025-05-01 01:38:09.19', 'fund transfer to Dompet(Cash Out)'),
('3ffd2abf-6e57-4d92-a40b-175178688308', '2025-05-01 01:38:42.988358+00', '2025-05-01 01:38:42.988358+00', NULL, 'ee396999-b9eb-4471-ab89-d84a3a20fd36', '75a19b5c-43b4-4f84-ad2c-f844c40eec24', 900000.00, '2025-05-01 01:38:09.19', 'fund transfer from Tabungan NOW(Cash In)'),
('7b95ce7d-7d26-4b6c-b653-9e1a09119ed8', '2025-05-01 01:44:56.977325+00', '2025-05-01 01:44:56.977325+00', NULL, '63f462e6-23b5-480f-9b60-72dec314b341', 'fb6c5f86-9bd0-49a4-a0fc-2d6f85fbb52a', 24710.00, '2025-05-01 01:44:19.666', 'clay gatsby shopee'),
('9b4ffe57-3b99-4d91-95a8-999fc2e90fe2', '2025-05-01 01:46:43.142621+00', '2025-05-01 01:46:43.142621+00', NULL, '63f462e6-23b5-480f-9b60-72dec314b341', '5ddf661f-beb3-4339-979c-731ab6f57294', 5000.00, '2025-05-01 01:45:57.146', 'biaya administrasi rekening mandiri'),
('f3cebf73-1579-42cb-8b48-03513ef41426', '2025-05-01 01:47:14.849715+00', '2025-05-01 01:47:14.849715+00', NULL, '63f462e6-23b5-480f-9b60-72dec314b341', '5ddf661f-beb3-4339-979c-731ab6f57294', 1000.00, '2025-05-01 01:46:56.095', 'biaya administrasi kartu debit mandiri'),
('978f7f68-754b-4569-9cff-e4b2fdff41e8', '2025-05-12 08:45:12.489943+00', '2025-05-12 08:45:12.489943+00', NULL, '63f462e6-23b5-480f-9b60-72dec314b341', 'b5a5d097-6346-4b72-b975-8ebf0b4b72f1', 61000.00, '2025-05-12 08:44:29.557', 'fund transfer to Gopay(Cash Out)'),
('2c1bc95b-fea3-4f72-8b35-663da671a96b', '2025-05-12 08:45:12.492083+00', '2025-05-12 08:45:12.492083+00', NULL, '59ae3342-9c61-4b61-a46c-75b0244fb29a', '75a19b5c-43b4-4f84-ad2c-f844c40eec24', 60000.00, '2025-05-12 08:44:29.557', 'fund transfer from Tabungan NOW(Cash In)'),
('90fcfb86-a4fd-47ce-a318-0ac9642c21dc', '2025-05-12 08:46:46.135235+00', '2025-05-12 08:46:46.135235+00', NULL, '59ae3342-9c61-4b61-a46c-75b0244fb29a', 'ae009d3c-d03a-4e2e-a505-891f4adcdef7', 59500.00, '2025-05-12 08:45:52.129', 'beli semangka'),
('2c605043-8bd8-49b4-be1c-e61e83a22e83', '2025-05-12 08:48:18.447403+00', '2025-05-12 08:48:18.447403+00', NULL, '59ae3342-9c61-4b61-a46c-75b0244fb29a', 'ae009d3c-d03a-4e2e-a505-891f4adcdef7', 573.00, '2025-05-12 08:47:48.998', 'gofood nasi goreng 3'),
('4c9dfe9c-7fb4-4ddc-b453-6139d5dbf9e5', '2025-05-12 08:49:45.830122+00', '2025-05-12 08:49:45.830122+00', NULL, 'c42896bb-f908-45d7-a3c6-4a22e04e38d7', 'b5a5d097-6346-4b72-b975-8ebf0b4b72f1', 100000.00, '2025-05-12 08:48:22.38', 'fund transfer to Tabungan NOW(Cash Out)'),
('7a5a326a-1211-4a1a-9d02-508940410cfe', '2025-05-12 08:49:45.830497+00', '2025-05-12 08:49:45.830497+00', NULL, '63f462e6-23b5-480f-9b60-72dec314b341', '75a19b5c-43b4-4f84-ad2c-f844c40eec24', 100000.00, '2025-05-12 08:48:22.38', 'fund transfer from BTN KIP Kuliah(Cash In)'),
('8e6f5a40-0051-4dfd-8bca-9a3e072e94be', '2025-05-12 08:50:11.413832+00', '2025-05-12 08:50:11.413832+00', NULL, 'ee396999-b9eb-4471-ab89-d84a3a20fd36', 'b5a5d097-6346-4b72-b975-8ebf0b4b72f1', 600000.00, '2025-05-12 08:49:39.16', 'fund transfer to Tabungan NOW(Cash Out)'),
('48d48d58-0756-4c97-b274-8c22a8eca09e', '2025-05-12 08:50:11.414121+00', '2025-05-12 08:50:11.414121+00', NULL, '63f462e6-23b5-480f-9b60-72dec314b341', '75a19b5c-43b4-4f84-ad2c-f844c40eec24', 600000.00, '2025-05-12 08:49:39.16', 'fund transfer from Dompet(Cash In)'),
('44074bf4-6d03-4c1f-a3df-fb52f57c0408', '2025-05-12 08:53:33.880195+00', '2025-05-12 08:53:33.880195+00', NULL, '63f462e6-23b5-480f-9b60-72dec314b341', '6dcb6708-6e59-4b08-8431-3e7745f42a81', 724000.00, '2025-05-12 08:50:04.612', 'vps kvm 2 hostinger 1 tahun + pajak'),
('03699bd2-10be-404c-b0ce-5178ff5039a5', '2025-05-12 08:54:37.442538+00', '2025-05-12 08:54:37.442538+00', NULL, '63f462e6-23b5-480f-9b60-72dec314b341', '5ddf661f-beb3-4339-979c-731ab6f57294', 5000.00, '2025-05-12 08:54:02.034', 'Biaya Admin Kartu Mandiri'),
('41e7a5a4-a72a-45a1-b2a9-ba686c231727', '2025-05-12 08:57:37.2073+00', '2025-05-12 08:57:37.2073+00', NULL, '63f462e6-23b5-480f-9b60-72dec314b341', '94e06887-016c-4773-8c6d-4e77dec449c6', 70.00, '2025-05-12 08:57:03.944', 'Balancing balance'),
('193a0195-0b70-452a-88d3-1a844ba832f9', '2025-05-12 09:02:01.656833+00', '2025-05-12 09:02:01.656833+00', NULL, 'ee396999-b9eb-4471-ab89-d84a3a20fd36', 'ae009d3c-d03a-4e2e-a505-891f4adcdef7', 23000.00, '2025-05-12 08:58:33.916', 'gado-gado + gorengan'),
('c975076f-2042-4318-8d07-191d4637961d', '2025-05-12 09:03:29.958646+00', '2025-05-12 09:03:29.958646+00', NULL, 'ee396999-b9eb-4471-ab89-d84a3a20fd36', 'ae009d3c-d03a-4e2e-a505-891f4adcdef7', 52000.00, '2025-05-12 09:01:53.861', 'alfamart online'),
('1094e3c7-1e62-4da3-a223-81787efed148', '2025-05-12 09:04:35.75556+00', '2025-05-12 09:04:35.75556+00', NULL, 'ee396999-b9eb-4471-ab89-d84a3a20fd36', 'ae009d3c-d03a-4e2e-a505-891f4adcdef7', 44000.00, '2025-05-12 09:03:22.376', 'mie gacoan 4'),
('8aa2d4aa-3c85-47ce-9173-029d35bc6887', '2025-05-12 09:05:07.845467+00', '2025-05-12 09:05:07.845467+00', NULL, 'ee396999-b9eb-4471-ab89-d84a3a20fd36', '552de2ae-6900-42ef-ace5-bfbdc1fce31a', 3000.00, '2025-05-12 09:04:28.409', 'parkir gacoan'),
('84656ebb-903a-4d42-88b4-7648213e28c6', '2025-05-12 09:10:38.972718+00', '2025-05-12 09:10:38.972718+00', NULL, 'ee396999-b9eb-4471-ab89-d84a3a20fd36', 'ae009d3c-d03a-4e2e-a505-891f4adcdef7', 25000.00, '2025-05-12 09:04:59.326', 'es degan'),
('418f7049-094d-4645-9cca-4cb5ecc4b72d', '2025-05-12 09:11:11.854196+00', '2025-05-12 09:11:11.854196+00', NULL, 'ee396999-b9eb-4471-ab89-d84a3a20fd36', 'ae009d3c-d03a-4e2e-a505-891f4adcdef7', 12000.00, '2025-05-12 09:10:31.585', 'es degan'),
('7d83428b-1bbc-4970-a84f-68f3bf8b2b1f', '2025-05-14 02:13:03.718065+00', '2025-05-14 02:13:03.718065+00', NULL, 'ee7c1bb6-cf7c-4e15-a82e-613e920e4e28', 'ae009d3c-d03a-4e2e-a505-891f4adcdef7', 4000.00, '2025-05-14 02:12:39.688', 'Aqua'),
('d70d7260-4dba-4089-a599-139322940ad2', '2025-05-15 10:43:25.878429+00', '2025-05-15 10:43:25.878429+00', NULL, 'ee396999-b9eb-4471-ab89-d84a3a20fd36', '4c59f52f-9353-401a-a0dc-8e3926f4858b', 350000.00, '2025-05-15 10:42:38.387', 'Gaji magang 2 minggu PJS'),
('792f4b0a-618a-4c16-8a9f-0d2066631b56', '2025-05-16 02:51:29.10939+00', '2025-05-16 02:51:29.10939+00', NULL, 'ee396999-b9eb-4471-ab89-d84a3a20fd36', 'd9c4076d-a778-48e5-9914-6c679f9362ab', 45000.00, '2025-05-16 02:50:49.057', 'Pertalite vario 4.5lt'),
('f6db500b-5003-4e18-9af9-98c389fed2a3', '2025-05-16 11:05:51.899727+00', '2025-05-16 11:05:51.899727+00', NULL, 'c42896bb-f908-45d7-a3c6-4a22e04e38d7', 'b5a5d097-6346-4b72-b975-8ebf0b4b72f1', 10000.00, '2025-05-16 11:05:04.778', 'fund transfer to Gopay(Cash Out)'),
('098e4a0c-1221-476e-81d0-08b30ecaf1b7', '2025-05-16 11:05:51.901808+00', '2025-05-16 11:05:51.901808+00', NULL, '59ae3342-9c61-4b61-a46c-75b0244fb29a', '75a19b5c-43b4-4f84-ad2c-f844c40eec24', 10000.00, '2025-05-16 11:05:04.778', 'fund transfer from BTN KIP Kuliah(Cash In)'),
('a21eb2ca-34fd-4239-87c7-4092d37e8326', '2025-05-16 11:06:39.280389+00', '2025-05-16 11:06:39.280389+00', NULL, '59ae3342-9c61-4b61-a46c-75b0244fb29a', 'ae009d3c-d03a-4e2e-a505-891f4adcdef7', 9178.00, '2025-05-16 11:05:54.914', 'Beli nasi bungkus + tambahan nasi kulit'),
('b6cee6bd-c814-494e-8f6a-43f71d8181f9', '2025-05-18 16:14:32.686639+00', '2025-05-18 16:14:32.686639+00', NULL, 'ee396999-b9eb-4471-ab89-d84a3a20fd36', 'ae009d3c-d03a-4e2e-a505-891f4adcdef7', 5000.00, '2025-05-18 16:14:13.428', 'Es teh custom'),
('db526baa-4b1f-457d-a6c6-0f571fc56079', '2025-05-20 02:16:09.00477+00', '2025-05-20 02:16:09.00477+00', NULL, 'ee396999-b9eb-4471-ab89-d84a3a20fd36', 'b5a5d097-6346-4b72-b975-8ebf0b4b72f1', 400000.00, '2025-05-20 02:15:21.899', 'fund transfer to Gopay(Cash Out)'),
('9d73fe12-4ac3-4343-8436-afbdd505a21d', '2025-05-20 02:16:09.008363+00', '2025-05-20 02:16:09.008363+00', NULL, '59ae3342-9c61-4b61-a46c-75b0244fb29a', '75a19b5c-43b4-4f84-ad2c-f844c40eec24', 397000.00, '2025-05-20 02:15:21.899', 'fund transfer from Dompet(Cash In)'),
('322f221b-8571-4ff2-9118-936536909dce', '2025-05-20 02:17:24.930994+00', '2025-05-20 02:17:24.930994+00', NULL, '59ae3342-9c61-4b61-a46c-75b0244fb29a', '219b3106-3211-48f7-a383-f05bfff592c2', 10000.00, '2025-05-20 02:16:59.351', 'Subscribe PM via discord (oline)'),
('c25b9633-1ca9-4e40-95fb-c364bc355260', '2025-05-20 03:25:12.614318+00', '2025-05-20 03:25:12.614318+00', NULL, '59ae3342-9c61-4b61-a46c-75b0244fb29a', '219b3106-3211-48f7-a383-f05bfff592c2', 359388.00, '2025-05-20 03:24:10.195', 'Upgrade OFC JKT48 1 tahun'),
('42c06118-d170-4a85-8034-f18f62649c16', '2025-05-24 22:21:24.059446+00', '2025-05-24 22:21:24.059446+00', NULL, 'ee396999-b9eb-4471-ab89-d84a3a20fd36', 'ae009d3c-d03a-4e2e-a505-891f4adcdef7', 15000.00, '2025-05-24 22:20:50.412', 'cibay 3 bungkus'),
('98ef8dc7-021d-4acd-ba35-07a495fc6ac4', '2025-05-24 22:22:10.778595+00', '2025-05-24 22:22:10.778595+00', NULL, 'ee396999-b9eb-4471-ab89-d84a3a20fd36', 'd9c4076d-a778-48e5-9914-6c679f9362ab', 20000.00, '2025-05-24 22:21:34.092', 'Pertalite vario 2lt'),
('f461cddb-656c-4383-8a16-25f801029d66', '2025-05-24 22:23:01.435173+00', '2025-05-24 22:23:01.435173+00', NULL, 'ee396999-b9eb-4471-ab89-d84a3a20fd36', '552de2ae-6900-42ef-ace5-bfbdc1fce31a', 6000.00, '2025-05-24 22:21:56.853', 'rumah bunga cafe & air terjun putuk truno'),
('88ae2c86-82c2-4dcf-9928-e1d7c94f8cc8', '2025-05-24 22:24:29.174329+00', '2025-05-24 22:24:29.174329+00', NULL, 'ee396999-b9eb-4471-ab89-d84a3a20fd36', 'ae009d3c-d03a-4e2e-a505-891f4adcdef7', 19000.00, '2025-05-24 22:22:47.148', 'sari roti + goodday indomaret'),
('2a2ceea9-246e-4498-a507-77a02ec64775', '2025-05-24 22:26:13.196622+00', '2025-05-24 22:26:13.196622+00', NULL, 'ee396999-b9eb-4471-ab89-d84a3a20fd36', 'ae009d3c-d03a-4e2e-a505-891f4adcdef7', 2000.00, '2025-05-24 22:25:27.336', 'air putih masjid cheng hoo'),
('ef4ae18c-0db8-4c5b-b8ff-3d2b1c408cb6', '2025-05-24 22:26:47.548965+00', '2025-05-24 22:26:47.548965+00', NULL, 'ee396999-b9eb-4471-ab89-d84a3a20fd36', 'ae009d3c-d03a-4e2e-a505-891f4adcdef7', 5000.00, '2025-05-24 22:25:59.706', 'air putih air terjun putuk truno'),
('3c67e15b-336e-4b2e-aab8-c0015b3f82df', '2025-05-24 22:43:05.707517+00', '2025-05-24 22:43:05.707517+00', NULL, 'c42896bb-f908-45d7-a3c6-4a22e04e38d7', '219b3106-3211-48f7-a383-f05bfff592c2', 25000.00, '2025-05-24 22:41:22.74', 'Subscribe PM via discord'),
('1ec8d510-a048-4934-8941-842ed96a6899', '2025-05-25 03:28:59.639798+00', '2025-05-25 03:28:59.639798+00', NULL, 'c42896bb-f908-45d7-a3c6-4a22e04e38d7', 'ae009d3c-d03a-4e2e-a505-891f4adcdef7', 46500.00, '2025-05-25 03:27:54.265', 'hot tiramisu+bakmie goreng rumah bunga cafe (+admin)'),
('209bb5a5-b82c-4b56-9e40-c817040d2d61', '2025-05-25 15:05:03.724319+00', '2025-05-25 15:05:03.724319+00', NULL, 'ee396999-b9eb-4471-ab89-d84a3a20fd36', '552de2ae-6900-42ef-ace5-bfbdc1fce31a', 5000.00, '2025-05-25 15:04:44.89', 'Royal'),
('8173d133-24ec-4156-bce9-f5452427cbce', '2025-05-26 02:24:42.479396+00', '2025-05-26 02:24:42.479396+00', NULL, 'f164a13d-8e1f-499a-bf74-ccbbd524e971', 'b5a5d097-6346-4b72-b975-8ebf0b4b72f1', 1000000.00, '2025-05-26 02:24:02.442', 'fund transfer to Dompet(Cash Out)'),
('403c4f96-8bd6-49ee-a850-5e6fb003a29b', '2025-05-26 02:24:42.480161+00', '2025-05-26 02:24:42.480161+00', NULL, 'ee396999-b9eb-4471-ab89-d84a3a20fd36', '75a19b5c-43b4-4f84-ad2c-f844c40eec24', 1000000.00, '2025-05-26 02:24:02.442', 'fund transfer from Celengan(Cash In)'),
('413a53f9-767d-45d8-a909-3e9aad07de8c', '2025-05-26 02:25:49.846269+00', '2025-05-26 02:25:49.846269+00', NULL, 'ee396999-b9eb-4471-ab89-d84a3a20fd36', 'd9c4076d-a778-48e5-9914-6c679f9362ab', 47000.00, '2025-05-26 02:24:46.091', 'Pertalite vario 4.7lt'),
('77738d56-ae9f-4255-affb-8237d217a21f', '2025-05-26 02:26:41.527803+00', '2025-05-26 02:26:41.527803+00', NULL, 'ee396999-b9eb-4471-ab89-d84a3a20fd36', 'b5a5d097-6346-4b72-b975-8ebf0b4b72f1', 351500.00, '2025-05-26 02:25:52.942', 'fund transfer to Gopay(Cash Out)'),
('2b6ce79b-ed3c-4c4a-ba57-d40abffeb891', '2025-05-26 02:26:41.528575+00', '2025-05-26 02:26:41.528575+00', NULL, '59ae3342-9c61-4b61-a46c-75b0244fb29a', '75a19b5c-43b4-4f84-ad2c-f844c40eec24', 350000.00, '2025-05-26 02:25:52.942', 'fund transfer from Dompet(Cash In)'),
('abab14de-8405-43a7-8b3f-50546e59fb20', '2025-05-26 02:30:27.591322+00', '2025-05-26 02:30:27.591322+00', NULL, '59ae3342-9c61-4b61-a46c-75b0244fb29a', '34ab9958-f478-443d-976e-b9f5147c5a12', 359388.00, '2025-05-26 02:27:32.699', 'Top up JKT48 points'),
('70ce74b9-66ff-4c48-a5ec-742c5ce51839', '2025-05-28 10:43:07.862491+00', '2025-05-28 10:43:07.862491+00', NULL, 'ee396999-b9eb-4471-ab89-d84a3a20fd36', 'ae009d3c-d03a-4e2e-a505-891f4adcdef7', 50000.00, '2025-05-28 10:42:49.383', 'Ayam bakar mama cicik'),
('e2ce646b-2320-47f9-a7c0-16482c487927', '2025-05-28 14:17:24.164815+00', '2025-05-28 14:17:24.164815+00', NULL, '63f462e6-23b5-480f-9b60-72dec314b341', '5ddf661f-beb3-4339-979c-731ab6f57294', 1000.00, '2025-05-28 14:16:45.175', 'Biaya administrasi kartu debit'),
('d34c7752-3f1f-4396-b0e1-f0d587604293', '2025-05-28 14:23:31.534392+00', '2025-05-28 14:23:31.534392+00', NULL, 'c42896bb-f908-45d7-a3c6-4a22e04e38d7', 'e3311cbb-9bf4-4c13-bd19-148361b4ee24', 2500.00, '2025-05-28 14:23:00.607', 'cashback'),
('ff5720a4-2097-48dd-a67f-dbaaa01dd626', '2025-05-28 14:26:27.372747+00', '2025-05-28 14:26:27.372747+00', NULL, 'ee396999-b9eb-4471-ab89-d84a3a20fd36', '552de2ae-6900-42ef-ace5-bfbdc1fce31a', 2000.00, '2025-05-28 14:26:07.849', 'Parkir Indomaret '),
('e72f2119-b128-402b-8a94-b981c9e1f472', '2025-05-28 14:02:36.393353+00', '2025-05-28 14:02:36.393353+00', NULL, 'ee396999-b9eb-4471-ab89-d84a3a20fd36', 'b5a5d097-6346-4b72-b975-8ebf0b4b72f1', 121500.00, '2025-05-28 14:00:56.626', 'fund transfer to Gopay(Cash Out)'),
('e70c739d-564f-4f70-9ede-81b47239cb21', '2025-05-28 14:02:36.397135+00', '2025-05-28 14:02:36.397135+00', NULL, '59ae3342-9c61-4b61-a46c-75b0244fb29a', '75a19b5c-43b4-4f84-ad2c-f844c40eec24', 120000.00, '2025-05-28 14:00:56.626', 'fund transfer from Dompet(Cash In)'),
('1b2041fe-18a1-4d77-acba-485dddb22f41', '2025-05-28 14:05:18.266283+00', '2025-05-28 14:05:18.266283+00', NULL, '59ae3342-9c61-4b61-a46c-75b0244fb29a', 'b5a5d097-6346-4b72-b975-8ebf0b4b72f1', 121000.00, '2025-05-28 14:02:53.405', 'fund transfer to OVO(Cash Out)'),
('1529df40-038e-487e-9906-5cec73629cdd', '2025-05-28 14:05:18.26693+00', '2025-05-28 14:05:18.26693+00', NULL, 'ee7c1bb6-cf7c-4e15-a82e-613e920e4e28', '75a19b5c-43b4-4f84-ad2c-f844c40eec24', 120000.00, '2025-05-28 14:02:53.405', 'fund transfer from Gopay(Cash In)'),
('4e19ebd1-ac7e-47b2-8db5-d6ea1a9f5fdc', '2025-05-28 14:09:10.848084+00', '2025-05-28 14:09:10.848084+00', NULL, 'ee7c1bb6-cf7c-4e15-a82e-613e920e4e28', '34ab9958-f478-443d-976e-b9f5147c5a12', 120000.00, '2025-05-28 14:05:24.935', 'Joki 2s 2 member'),
('074ea09c-13e4-41f6-89b7-71e0c32069fe', '2025-05-28 14:15:34.685335+00', '2025-05-28 14:15:34.685335+00', NULL, 'ee7c1bb6-cf7c-4e15-a82e-613e920e4e28', '5ddf661f-beb3-4339-979c-731ab6f57294', 2000.00, '2025-05-28 14:09:14.09', 'biaya top up ovo'),
('0113c9a0-9867-4242-84a2-4ece256e80c4', '2025-05-30 01:00:23.00007+00', '2025-05-30 01:00:23.00007+00', NULL, 'ee396999-b9eb-4471-ab89-d84a3a20fd36', 'd592efcd-867a-46a4-a2cc-a30df091796b', 26000.00, '2025-05-30 00:59:24.343', 'Checkout panci lazada'),
('a96bef9a-5b0c-4a9f-826a-ad33fe87f87e', '2025-05-30 01:00:53.43693+00', '2025-05-30 01:00:53.43693+00', NULL, '59ae3342-9c61-4b61-a46c-75b0244fb29a', 'ae009d3c-d03a-4e2e-a505-891f4adcdef7', 5000.00, '2025-05-30 01:00:25.173', 'Esteh STK'),
('f18d6880-d85e-46d2-a70d-535004a95828', '2025-05-30 01:01:13.028539+00', '2025-05-30 01:01:13.028539+00', NULL, 'ee396999-b9eb-4471-ab89-d84a3a20fd36', 'ae009d3c-d03a-4e2e-a505-891f4adcdef7', 10000.00, '2025-05-30 01:00:56.092', 'Kerupuk '),
('65cb3f4f-814e-427d-b378-6a1df1fb54d2', '2025-05-30 12:25:25.196531+00', '2025-05-30 12:25:25.196531+00', NULL, 'ee396999-b9eb-4471-ab89-d84a3a20fd36', 'ae009d3c-d03a-4e2e-a505-891f4adcdef7', 5000.00, '2025-05-30 12:24:53.813', 'Es teh warkop'),
('37a9be0f-88f6-4b5d-beb9-8bd365f0e002', '2025-05-30 12:25:54.524643+00', '2025-05-30 12:25:54.524643+00', NULL, '59ae3342-9c61-4b61-a46c-75b0244fb29a', 'ae009d3c-d03a-4e2e-a505-891f4adcdef7', 6000.00, '2025-05-30 12:25:27.582', 'indomie warkop'),
('19bdd367-d831-4850-9c0f-d8dc75cf16b7', '2025-05-30 12:30:49.296664+00', '2025-05-30 12:30:49.296664+00', NULL, 'ee396999-b9eb-4471-ab89-d84a3a20fd36', 'c54b2d78-0308-4efd-876e-b4e3b9aea54b', 20000.00, '2025-05-30 12:28:43.091', 'Pertalite revo 2lt'),
('a6288609-33db-40a2-94a1-a955df489900', '2025-06-01 00:27:58.237391+00', '2025-06-01 00:27:58.237391+00', NULL, '63f462e6-23b5-480f-9b60-72dec314b341', '4c59f52f-9353-401a-a0dc-8e3926f4858b', 697500.00, '2025-06-01 00:27:20.235', 'Gaji magang'),
('527a4e69-b288-4e67-9aeb-2caedb2159a0', '2025-06-01 00:30:14.948806+00', '2025-06-01 00:30:14.948806+00', NULL, '63f462e6-23b5-480f-9b60-72dec314b341', '5ddf661f-beb3-4339-979c-731ab6f57294', 5000.00, '2025-06-01 00:29:52.583', 'Biaya administrasi rekening'),
('d0da63ba-1e19-41bc-b936-108ec44ced89', '2025-06-01 12:31:58.344954+00', '2025-06-01 12:31:58.344954+00', NULL, 'ee396999-b9eb-4471-ab89-d84a3a20fd36', 'e6a3af62-02ca-4d6e-b786-583d4438e5ea', 400000.00, '2025-06-01 12:30:50.113', 'Mama'),
('b2e636d9-61e6-48ed-aded-61d6865c7a2e', '2025-06-01 12:32:19.36985+00', '2025-06-01 12:32:19.36985+00', NULL, 'ee396999-b9eb-4471-ab89-d84a3a20fd36', 'e6a3af62-02ca-4d6e-b786-583d4438e5ea', 100000.00, '2025-06-01 12:32:01.79', 'Adek'),
('dd17645a-4d7e-4282-8bbf-bb342da07d24', '2025-06-02 23:05:16.927163+00', '2025-06-02 23:05:16.927163+00', NULL, '63f462e6-23b5-480f-9b60-72dec314b341', '9d560a79-0c9c-430f-b2f4-2a1d83a69008', 90380.00, '2025-06-02 23:04:51.255', 'Cincin + gravir'),
('7797610b-f69e-4236-8210-9240902dc91e', '2025-06-05 06:01:26.89693+00', '2025-06-05 06:01:26.89693+00', NULL, '63f462e6-23b5-480f-9b60-72dec314b341', '296bca0d-9745-45fd-9501-4f752ab51ca6', 69000.00, '2025-06-05 05:59:19.365', 'Paket Data 3 AON 14GB'),
('de073325-538a-4753-b180-9337bd8d06d6', '2025-06-05 13:41:32.191163+00', '2025-06-05 13:41:32.191163+00', NULL, 'ee396999-b9eb-4471-ab89-d84a3a20fd36', 'ae009d3c-d03a-4e2e-a505-891f4adcdef7', 40000.00, '2025-06-05 13:40:51.61', 'Terang bulan + gorengan'),
('1c89b774-0e49-49e9-9362-7a3a75f82f72', '2025-06-05 13:42:11.786991+00', '2025-06-05 13:42:11.786991+00', NULL, 'ee396999-b9eb-4471-ab89-d84a3a20fd36', 'ae009d3c-d03a-4e2e-a505-891f4adcdef7', 7000.00, '2025-06-05 13:41:49.443', 'Kopi susu custom '),
('b0c86ae9-7c9e-4167-a44a-23ed5abaf873', '2025-06-05 13:44:35.279124+00', '2025-06-05 13:44:35.279124+00', NULL, '63f462e6-23b5-480f-9b60-72dec314b341', 'b5a5d097-6346-4b72-b975-8ebf0b4b72f1', 102500.00, '2025-06-05 13:44:19.639', 'fund transfer to BCA Xpresi(Cash Out)'),
('adc96638-dc2b-45bf-9f06-1372678fd94b', '2025-06-05 13:44:35.280725+00', '2025-06-05 13:44:35.280725+00', NULL, '496b6cec-588b-4556-ad37-716e1e9e1b37', '75a19b5c-43b4-4f84-ad2c-f844c40eec24', 100000.00, '2025-06-05 13:44:19.639', 'fund transfer from Tabungan NOW(Cash In)'),
('e8b7e774-c3fe-4a66-a97e-4a821146e6d6', '2025-06-06 02:03:07.179251+00', '2025-06-06 02:03:07.179251+00', NULL, '63f462e6-23b5-480f-9b60-72dec314b341', '5ddf661f-beb3-4339-979c-731ab6f57294', 5000.00, '2025-06-06 02:02:42.471', 'Biaya Administrasi Kartu Debit Mandiri'),
('66f5a3fe-efab-41be-bb44-58667c8e78e2', '2025-06-09 02:07:11.26162+00', '2025-06-09 02:07:11.26162+00', NULL, 'f164a13d-8e1f-499a-bf74-ccbbd524e971', 'b5a5d097-6346-4b72-b975-8ebf0b4b72f1', 10500000.00, '2025-06-09 02:06:31.668', 'fund transfer to Dompet(Cash Out)'),
('24f60c9e-1a04-4811-ab1e-00d26cfa690e', '2025-06-09 02:07:11.280704+00', '2025-06-09 02:07:11.280704+00', NULL, 'ee396999-b9eb-4471-ab89-d84a3a20fd36', '75a19b5c-43b4-4f84-ad2c-f844c40eec24', 10500000.00, '2025-06-09 02:06:31.668', 'fund transfer from Celengan(Cash In)'),
('08824dba-982d-4c24-a01b-7dab20c0b9ab', '2025-06-09 02:07:46.910703+00', '2025-06-09 02:07:46.910703+00', NULL, 'f164a13d-8e1f-499a-bf74-ccbbd524e971', 'b5a5d097-6346-4b72-b975-8ebf0b4b72f1', 500000.00, '2025-06-09 02:07:09.617', 'fund transfer to Dompet(Cash Out)'),
('d7c615f4-01bc-42e9-85dc-8a631904e748', '2025-06-09 02:07:46.911311+00', '2025-06-09 02:07:46.911311+00', NULL, 'ee396999-b9eb-4471-ab89-d84a3a20fd36', '75a19b5c-43b4-4f84-ad2c-f844c40eec24', 500000.00, '2025-06-09 02:07:09.617', 'fund transfer from Celengan(Cash In)'),
('85dec7fa-6c3f-4b41-883c-d0773b34c7f2', '2025-06-09 02:08:22.242602+00', '2025-06-09 02:08:22.242602+00', NULL, 'ee396999-b9eb-4471-ab89-d84a3a20fd36', 'b5a5d097-6346-4b72-b975-8ebf0b4b72f1', 10500000.00, '2025-06-09 02:07:47.645', 'fund transfer to Tabungan NOW(Cash Out)'),
('efff8a0d-8aa9-4ab8-90d5-1755f54641b3', '2025-06-09 02:08:22.245899+00', '2025-06-09 02:08:22.245899+00', NULL, '63f462e6-23b5-480f-9b60-72dec314b341', '75a19b5c-43b4-4f84-ad2c-f844c40eec24', 10500000.00, '2025-06-09 02:07:47.645', 'fund transfer from Dompet(Cash In)'),
('4fa9642c-d241-4a10-93c9-30b7be9e18af', '2025-06-09 02:10:32.325203+00', '2025-06-09 02:10:32.325203+00', NULL, '63f462e6-23b5-480f-9b60-72dec314b341', 'b5a5d097-6346-4b72-b975-8ebf0b4b72f1', 0.00, '2025-06-09 02:09:54.823', 'fund transfer to Dompet(Cash Out)'),
('d2d2d4de-e6a4-4dde-9c9b-508b1718142c', '2025-06-09 02:10:32.329304+00', '2025-06-09 02:10:32.329304+00', NULL, 'ee396999-b9eb-4471-ab89-d84a3a20fd36', '75a19b5c-43b4-4f84-ad2c-f844c40eec24', 0.00, '2025-06-09 02:09:54.823', 'fund transfer from Tabungan NOW(Cash In)'),
('3798811f-4d98-4313-bbdf-7247ed33d7a9', '2025-06-09 02:12:14.720182+00', '2025-06-09 02:12:14.720182+00', NULL, '63f462e6-23b5-480f-9b60-72dec314b341', 'b5a5d097-6346-4b72-b975-8ebf0b4b72f1', 1300000.00, '2025-06-09 02:11:13.267', 'fund transfer to Dompet(Cash Out)'),
('ba2a24e6-0f53-40b2-b2c4-2a4ad6490c8a', '2025-06-09 02:12:14.720973+00', '2025-06-09 02:12:14.720973+00', NULL, 'ee396999-b9eb-4471-ab89-d84a3a20fd36', '75a19b5c-43b4-4f84-ad2c-f844c40eec24', 1300000.00, '2025-06-09 02:11:13.267', 'fund transfer from Tabungan NOW(Cash In)'),
('b2930978-abcc-48c5-b7cd-6c0b7b8ccdc4', '2025-06-09 02:13:41.275871+00', '2025-06-09 02:13:41.275871+00', NULL, '63f462e6-23b5-480f-9b60-72dec314b341', 'b5a5d097-6346-4b72-b975-8ebf0b4b72f1', 200000.00, '2025-06-09 02:12:12.086', 'fund transfer to Dompet(Cash Out)'),
('91d39548-8483-44ac-abd1-e08703f99ed6', '2025-06-09 02:13:41.276274+00', '2025-06-09 02:13:41.276274+00', NULL, 'ee396999-b9eb-4471-ab89-d84a3a20fd36', '75a19b5c-43b4-4f84-ad2c-f844c40eec24', 200000.00, '2025-06-09 02:12:12.086', 'fund transfer from Tabungan NOW(Cash In)'),
('bf666603-dcdc-4581-95d0-55eb6ec57eba', '2025-06-09 02:14:03.381773+00', '2025-06-09 02:14:03.381773+00', NULL, 'ee396999-b9eb-4471-ab89-d84a3a20fd36', 'b5a5d097-6346-4b72-b975-8ebf0b4b72f1', 1500000.00, '2025-06-09 02:13:38.444', 'fund transfer to Celengan(Cash Out)'),
('2aef356d-3f61-4bad-a2d1-f066d530cc9c', '2025-06-09 02:14:03.382037+00', '2025-06-09 02:14:03.382037+00', NULL, 'f164a13d-8e1f-499a-bf74-ccbbd524e971', '75a19b5c-43b4-4f84-ad2c-f844c40eec24', 1500000.00, '2025-06-09 02:13:38.444', 'fund transfer from Dompet(Cash In)'),
('b779f530-c7eb-4141-b8da-379b5f72cb5d', '2025-06-09 02:15:09.766231+00', '2025-06-09 02:15:09.766231+00', NULL, 'ee396999-b9eb-4471-ab89-d84a3a20fd36', 'e55a9430-68f1-406a-91a4-67aad81c8b44', 15000.00, '2025-06-09 02:14:01.295', 'cuci motor vario'),
('4454a377-2980-483a-8219-34146952560e', '2025-06-09 02:15:34.989042+00', '2025-06-09 02:15:34.989042+00', NULL, 'ee396999-b9eb-4471-ab89-d84a3a20fd36', 'ae009d3c-d03a-4e2e-a505-891f4adcdef7', 5000.00, '2025-06-09 02:15:06.776', 'leker'),
('2abe5a98-cc70-4e82-a6cf-7bc47a06c636', '2025-06-09 02:16:18.339546+00', '2025-06-09 02:16:18.339546+00', NULL, 'ee396999-b9eb-4471-ab89-d84a3a20fd36', '4cbb5a2e-922b-425f-a800-7771e3d23db3', 4000.00, '2025-06-09 02:15:36.26', 'hadiah servis motor'),
('e7aae996-afb0-4697-b428-82f70eafcd74', '2025-06-09 02:17:38.384891+00', '2025-06-09 02:17:38.384891+00', NULL, 'ee396999-b9eb-4471-ab89-d84a3a20fd36', '6899e818-5589-4584-9c6a-b2be7ea2f753', 50000.00, '2025-06-09 02:16:15.592', 'mas wisnu nikah'),
('a8ae7041-716e-48b9-86e5-da604e968a05', '2025-06-09 02:18:33.971746+00', '2025-06-09 02:18:33.971746+00', NULL, 'ee396999-b9eb-4471-ab89-d84a3a20fd36', 'd9c4076d-a778-48e5-9914-6c679f9362ab', 43000.00, '2025-06-09 02:17:36.108', 'Pertalite vario 4.3lt'),
('ef1be27a-f92f-4730-acb4-848b1d8af83c', '2025-06-09 02:19:05.403518+00', '2025-06-09 02:19:05.403518+00', NULL, 'ee396999-b9eb-4471-ab89-d84a3a20fd36', 'ae009d3c-d03a-4e2e-a505-891f4adcdef7', 7000.00, '2025-06-09 02:18:31.075', 'goodday freeze yoman cafe'),
('f0dab9dc-0fe2-432b-80a1-53db5d14946e', '2025-06-10 02:25:30.685373+00', '2025-06-10 02:25:30.685373+00', NULL, '496b6cec-588b-4556-ad37-716e1e9e1b37', '5ddf661f-beb3-4339-979c-731ab6f57294', 45000.00, '2025-06-10 02:23:03.973', 'Biaya kartu ATM'),
('d5243a11-69b6-477b-8ce6-9bcce81775da', '2025-06-11 13:59:32.763585+00', '2025-06-11 13:59:32.763585+00', NULL, '496b6cec-588b-4556-ad37-716e1e9e1b37', 'ae009d3c-d03a-4e2e-a505-891f4adcdef7', 3000.00, '2025-06-11 13:59:04.962', 'Makan SSB'),
('77ee0765-451b-4de4-9288-4efb9b1ece29', '2025-06-11 14:00:13.248707+00', '2025-06-11 14:00:13.248707+00', NULL, '496b6cec-588b-4556-ad37-716e1e9e1b37', 'ae009d3c-d03a-4e2e-a505-891f4adcdef7', 1575.00, '2025-06-11 13:59:43.348', 'Makan Mie Ayam'),
('7bdccf0a-30e0-47d5-9ddf-b063e593c6c6', '2025-06-11 14:00:41.046644+00', '2025-06-11 14:00:41.046644+00', NULL, 'ee396999-b9eb-4471-ab89-d84a3a20fd36', 'ae009d3c-d03a-4e2e-a505-891f4adcdef7', 10000.00, '2025-06-11 14:00:08.979', 'Cimol 2 bks'),
('8dda2a67-121c-4b3c-b780-a7526b17ebd0', '2025-06-12 11:41:20.20916+00', '2025-06-12 11:41:20.20916+00', NULL, 'ee396999-b9eb-4471-ab89-d84a3a20fd36', 'b5a5d097-6346-4b72-b975-8ebf0b4b72f1', 200000.00, '2025-06-12 11:40:58.068', 'fund transfer to BCA Xpresi(Cash Out)'),
('154e1a98-2890-4f18-ada0-970b9b349501', '2025-06-12 11:41:20.210851+00', '2025-06-12 11:41:20.210851+00', NULL, '496b6cec-588b-4556-ad37-716e1e9e1b37', '75a19b5c-43b4-4f84-ad2c-f844c40eec24', 200000.00, '2025-06-12 11:40:58.068', 'fund transfer from Dompet(Cash In)'),
('0adf6224-04ee-4d0e-9838-bd8a89acb305', '2025-06-12 11:43:15.161841+00', '2025-06-12 11:43:15.161841+00', NULL, 'ee396999-b9eb-4471-ab89-d84a3a20fd36', 'ae009d3c-d03a-4e2e-a505-891f4adcdef7', 31000.00, '2025-06-12 11:42:54.659', 'Nasi goreng 2 + esteh warkop'),
('50bc868c-0769-48bf-905a-d486977d7dfd', '2025-06-12 11:44:06.913349+00', '2025-06-12 11:44:06.913349+00', NULL, 'ee396999-b9eb-4471-ab89-d84a3a20fd36', '94e06887-016c-4773-8c6d-4e77dec449c6', 100000.00, '2025-06-12 11:43:12.439', 'uang hilang'),
('e6aa69fd-d4ff-4411-bcd8-65ff74fda1f4', '2025-06-14 12:41:23.740881+00', '2025-06-14 12:41:23.740881+00', NULL, '63f462e6-23b5-480f-9b60-72dec314b341', 'b5a5d097-6346-4b72-b975-8ebf0b4b72f1', 96500.00, '2025-06-14 12:40:51.377', 'fund transfer to BCA Xpresi(Cash Out)'),
('22284aab-ade7-4427-9345-1ee630ecef7d', '2025-06-14 12:41:23.748197+00', '2025-06-14 12:41:23.748197+00', NULL, '496b6cec-588b-4556-ad37-716e1e9e1b37', '75a19b5c-43b4-4f84-ad2c-f844c40eec24', 94000.00, '2025-06-14 12:40:51.377', 'fund transfer from Tabungan NOW(Cash In)'),
('012659fa-7ab1-4801-ba30-a9de4fa0918d', '2025-06-14 12:42:38.014386+00', '2025-06-14 12:42:38.014386+00', NULL, '496b6cec-588b-4556-ad37-716e1e9e1b37', 'b5a5d097-6346-4b72-b975-8ebf0b4b72f1', 100000.00, '2025-06-14 12:42:04.899', 'fund transfer to Dompet(Cash Out)'),
('7553646f-d4ea-4405-8d6a-c814e0f3c50e', '2025-06-14 12:42:38.020007+00', '2025-06-14 12:42:38.020007+00', NULL, 'ee396999-b9eb-4471-ab89-d84a3a20fd36', '75a19b5c-43b4-4f84-ad2c-f844c40eec24', 100000.00, '2025-06-14 12:42:04.899', 'fund transfer from BCA Xpresi(Cash In)'),
('f815eacb-e585-4013-8175-68f17e630715', '2025-06-14 12:43:02.827873+00', '2025-06-14 12:43:02.827873+00', NULL, 'c42896bb-f908-45d7-a3c6-4a22e04e38d7', 'ae009d3c-d03a-4e2e-a505-891f4adcdef7', 9000.00, '2025-06-14 12:42:42.91', 'Kopi susu + gorengan'),
('ac33cba9-5558-44a1-99e5-19c106ed3ea9', '2025-06-21 23:14:08.021749+00', '2025-06-21 23:14:08.021749+00', NULL, 'ee396999-b9eb-4471-ab89-d84a3a20fd36', 'd9c4076d-a778-48e5-9914-6c679f9362ab', 46000.00, '2025-06-21 23:13:29.605', 'Pertalite vario 4.6lt'),
('a51f4b0c-abe9-49b1-a855-daad3dae5e99', '2025-06-21 23:14:48.220427+00', '2025-06-21 23:14:48.220427+00', NULL, 'ee396999-b9eb-4471-ab89-d84a3a20fd36', 'ae009d3c-d03a-4e2e-a505-891f4adcdef7', 24000.00, '2025-06-21 23:14:15.247', 'Singkong 2 bks'),
('9a95a1b8-3fd0-4e07-b13f-bc82002131fc', '2025-06-21 23:15:19.328651+00', '2025-06-21 23:15:19.328651+00', NULL, 'ee396999-b9eb-4471-ab89-d84a3a20fd36', 'ae009d3c-d03a-4e2e-a505-891f4adcdef7', 7000.00, '2025-06-21 23:14:55.399', 'Kopi susu custom'),
('6f9b878e-3390-4d18-9088-caf36c6ae613', '2025-06-23 02:42:41.728863+00', '2025-06-23 02:42:41.728863+00', NULL, '496b6cec-588b-4556-ad37-716e1e9e1b37', '5ddf661f-beb3-4339-979c-731ab6f57294', 10000.00, '2025-06-20 09:41:56', 'Biaya Administrasi'),
('467d2d0c-111d-45fb-8538-8b9e54549c6d', '2025-06-23 02:45:52.688294+00', '2025-06-23 02:45:52.688294+00', NULL, '59ae3342-9c61-4b61-a46c-75b0244fb29a', '296bca0d-9745-45fd-9501-4f752ab51ca6', 4900.00, '2025-06-20 09:44:37', 'Pulsa tri'),
('8bf27897-26eb-418b-81f2-9a159df897f7', '2025-06-25 23:37:23.384868+00', '2025-06-25 23:37:23.384868+00', NULL, '63f462e6-23b5-480f-9b60-72dec314b341', '5ddf661f-beb3-4339-979c-731ab6f57294', 1000.00, '2025-06-25 06:29:48', 'Biaya administrasi kartu'),
('400bfa13-b9f4-4c60-a7ea-dae766eabd98', '2025-06-27 03:22:03.406841+00', '2025-06-27 03:22:03.406841+00', NULL, 'ee396999-b9eb-4471-ab89-d84a3a20fd36', 'ae009d3c-d03a-4e2e-a505-891f4adcdef7', 13000.00, '2025-06-26 10:21:23', 'Gorengan '),
('27f24040-ab3f-4f97-8bdf-ba336e490579', '2025-06-27 03:23:31.247886+00', '2025-06-27 03:23:31.247886+00', NULL, 'ee396999-b9eb-4471-ab89-d84a3a20fd36', '4cbb5a2e-922b-425f-a800-7771e3d23db3', 3000.00, '2025-06-26 10:22:50', 'Kembalian beli pulsa'),
('b9b4df67-eecd-4d62-8ba8-9ce33c2e190d', '2025-06-27 03:25:06.343007+00', '2025-06-27 03:25:06.343007+00', NULL, 'f164a13d-8e1f-499a-bf74-ccbbd524e971', 'b5a5d097-6346-4b72-b975-8ebf0b4b72f1', 100000.00, '2025-06-27 10:24:36', 'fund transfer to Dompet(Cash Out)'),
('e36c3681-eb89-49a6-a4a7-63069a36b020', '2025-06-27 03:25:06.343548+00', '2025-06-27 03:25:06.343548+00', NULL, 'ee396999-b9eb-4471-ab89-d84a3a20fd36', '75a19b5c-43b4-4f84-ad2c-f844c40eec24', 100000.00, '2025-06-27 10:24:36', 'fund transfer from Celengan(Cash In)'),
('dc52026f-68b6-4028-a4a4-6406c4d633d8', '2025-06-28 01:46:02.259622+00', '2025-06-28 01:46:02.259622+00', NULL, 'ee396999-b9eb-4471-ab89-d84a3a20fd36', 'ae009d3c-d03a-4e2e-a505-891f4adcdef7', 18000.00, '2025-06-27 08:45:24', 'Es oyen 2 bks'),
('75ea42f2-fa59-4def-808f-e94611401f05', '2025-06-28 01:46:38.76531+00', '2025-06-28 01:46:38.76531+00', NULL, 'ee396999-b9eb-4471-ab89-d84a3a20fd36', '9d560a79-0c9c-430f-b2f4-2a1d83a69008', 22000.00, '2025-06-27 08:46:13', 'Topi'),
('9b2f1b7f-eb39-4712-992a-7b27ee65203d', '2025-06-28 01:47:25.211255+00', '2025-06-28 01:47:25.211255+00', NULL, 'ee396999-b9eb-4471-ab89-d84a3a20fd36', 'ae009d3c-d03a-4e2e-a505-891f4adcdef7', 5000.00, '2025-06-27 08:46:45', 'Kopi susu custom '),
('90adda37-4a37-47fa-91eb-3f1b5f928b2a', '2025-06-28 01:48:33.14924+00', '2025-06-28 01:48:33.14924+00', NULL, 'ee396999-b9eb-4471-ab89-d84a3a20fd36', 'c54b2d78-0308-4efd-876e-b4e3b9aea54b', 15000.00, '2025-06-27 08:47:31', 'Pertalite blade 1.5lt'),
('29cc165e-58a6-4569-a5db-e4320905248f', '2025-06-30 05:29:38.948275+00', '2025-06-30 05:29:38.948275+00', NULL, 'c42896bb-f908-45d7-a3c6-4a22e04e38d7', 'b5a5d097-6346-4b72-b975-8ebf0b4b72f1', 11000.00, '2025-06-30 12:28:48', 'fund transfer to Shopeepay(Cash Out)'),
('501c0680-f082-4f7c-a4be-2f9ecede2e21', '2025-06-30 05:29:38.972638+00', '2025-06-30 05:29:38.972638+00', NULL, 'd79c5197-e041-4510-b818-c5859a54eab4', '75a19b5c-43b4-4f84-ad2c-f844c40eec24', 10000.00, '2025-06-30 12:28:48', 'fund transfer from BTN KIP Kuliah(Cash In)'),
('45fe314b-135e-43d4-8132-57fd94fc8902', '2025-06-30 05:31:05.315744+00', '2025-06-30 05:31:05.315744+00', NULL, 'd79c5197-e041-4510-b818-c5859a54eab4', '9d560a79-0c9c-430f-b2f4-2a1d83a69008', 11400.00, '2025-06-30 12:29:50', 'Spaylater masker'),
('d28e06fe-3641-4b53-8591-cb207c28de10', '2025-07-01 02:14:40.361116+00', '2025-07-01 02:14:40.361116+00', NULL, '496b6cec-588b-4556-ad37-716e1e9e1b37', '4c59f52f-9353-401a-a0dc-8e3926f4858b', 700000.00, '2025-07-01 09:14:01', 'Uang Saku Magang Meda'),
('3b331ec4-eea8-4420-94e5-9fc057e27589', '2025-07-01 02:18:35.381045+00', '2025-07-01 02:18:35.381045+00', NULL, '496b6cec-588b-4556-ad37-716e1e9e1b37', '9d560a79-0c9c-430f-b2f4-2a1d83a69008', 54700.00, '2025-07-01 09:17:36', 'Sarung Tangan, Casing TWS, dan Headset Spaylater'),
('b2a4f3d1-9f90-444c-ba87-33a02233761f', '2025-07-01 02:27:15.93564+00', '2025-07-01 02:27:15.93564+00', NULL, '496b6cec-588b-4556-ad37-716e1e9e1b37', 'b5a5d097-6346-4b72-b975-8ebf0b4b72f1', 600000.00, '2025-07-01 09:26:51', 'fund transfer to Dompet(Cash Out)'),
('0c799458-df41-43ca-806f-582cc8af6ce1', '2025-07-01 02:27:15.935898+00', '2025-07-01 02:27:15.935898+00', NULL, 'ee396999-b9eb-4471-ab89-d84a3a20fd36', '75a19b5c-43b4-4f84-ad2c-f844c40eec24', 600000.00, '2025-07-01 09:26:51', 'fund transfer from BCA Xpresi(Cash In)'),
('c8f22e7c-7af2-458a-83a1-be65e193d5b1', '2025-07-01 23:29:08.986045+00', '2025-07-01 23:29:08.986045+00', NULL, 'f164a13d-8e1f-499a-bf74-ccbbd524e971', 'b5a5d097-6346-4b72-b975-8ebf0b4b72f1', 400000.00, '2025-07-01 06:28:35', 'fund transfer to Dompet(Cash Out)'),
('291938fd-2c26-40a0-90f7-5c360e744870', '2025-07-01 23:29:09.008838+00', '2025-07-01 23:29:09.008838+00', NULL, 'ee396999-b9eb-4471-ab89-d84a3a20fd36', '75a19b5c-43b4-4f84-ad2c-f844c40eec24', 400000.00, '2025-07-01 06:28:35', 'fund transfer from Celengan(Cash In)'),
('818ae0ca-e3bd-4c73-b2d5-e453b2228c38', '2025-07-01 23:30:20.864466+00', '2025-07-01 23:30:20.864466+00', NULL, 'ee396999-b9eb-4471-ab89-d84a3a20fd36', 'e6a3af62-02ca-4d6e-b786-583d4438e5ea', 500000.00, '2025-07-01 06:29:27', 'mama & adek'),
('1b2caf8d-60c3-41c4-966f-43355da69a05', '2025-07-01 23:31:24.461604+00', '2025-07-01 23:31:24.461604+00', NULL, 'ee396999-b9eb-4471-ab89-d84a3a20fd36', 'ae009d3c-d03a-4e2e-a505-891f4adcdef7', 10000.00, '2025-07-02 06:30:49', 'Kentang tahu crispy '),
('d30dd35e-2c88-4b50-b448-534c01098ab0', '2025-07-03 02:31:41.486895+00', '2025-07-03 02:31:41.486895+00', NULL, 'ee396999-b9eb-4471-ab89-d84a3a20fd36', 'd9c4076d-a778-48e5-9914-6c679f9362ab', 45000.00, '2025-07-02 09:30:49', 'Peralite vario 4.5lt'),
('67acf213-12a8-4928-b502-62ecad5c5a45', '2025-07-05 05:28:20.808308+00', '2025-07-05 05:28:20.808308+00', NULL, 'ee396999-b9eb-4471-ab89-d84a3a20fd36', 'ae009d3c-d03a-4e2e-a505-891f4adcdef7', 17000.00, '2025-07-04 12:27:38', 'Pisang Goreng'),
('2eebed81-b34c-4415-a687-e176ed276edf', '2025-07-05 05:28:51.043635+00', '2025-07-05 05:31:07.641699+00', NULL, 'ee396999-b9eb-4471-ab89-d84a3a20fd36', 'ae009d3c-d03a-4e2e-a505-891f4adcdef7', 5000.00, '2025-07-04 19:28:26', 'Es Teh STK'),
('ddb679bd-bcc8-4e04-8839-3b5d2aad39da', '2025-04-16 01:19:16.30367+00', '2025-07-06 08:00:26.950003+00', NULL, 'c42896bb-f908-45d7-a3c6-4a22e04e38d7', 'd9c4076d-a778-48e5-9914-6c679f9362ab', 30000.00, '2025-04-16 08:14:06', 'Pertalite vario 3lt'),
('ed98cb5d-d11b-447f-89e4-9864e4e435b9', '2025-06-18 22:58:59.026729+00', '2025-07-06 08:39:31.913838+00', NULL, 'c42896bb-f908-45d7-a3c6-4a22e04e38d7', '219b3106-3211-48f7-a383-f05bfff592c2', 25000.00, '2025-06-19 05:58:36', 'Subscribe PM via Discord'),
('0105ad69-6d36-4bf4-a1dc-e126fb1410c0', '2025-07-09 02:10:41.151604+00', '2025-07-09 02:10:41.151604+00', NULL, '63f462e6-23b5-480f-9b60-72dec314b341', '5ddf661f-beb3-4339-979c-731ab6f57294', 5000.00, '2025-06-30 09:09:44', 'Biaya administrasi rekening'),
('3beda494-bba9-47fd-aa5b-f4c41e501c2e', '2025-06-25 02:50:58.034477+00', '2025-07-06 08:43:06.792641+00', NULL, 'c42896bb-f908-45d7-a3c6-4a22e04e38d7', '296bca0d-9745-45fd-9501-4f752ab51ca6', 13629.00, '2025-06-24 23:46:16', 'Paketan adek'),
('63457e75-2ea2-4f18-94de-8248dd380b97', '2025-06-12 12:46:46.101411+00', '2025-07-06 08:47:26.170487+00', NULL, '496b6cec-588b-4556-ad37-716e1e9e1b37', '9d560a79-0c9c-430f-b2f4-2a1d83a69008', 250000.00, '2025-06-12 19:46:09', 'Jersey + keychain regilios'),
('bd4e31f7-23e1-4242-9c8d-c98f76eb2963', '2025-06-09 02:09:47.145603+00', '2025-07-06 08:51:40.30715+00', NULL, '63f462e6-23b5-480f-9b60-72dec314b341', '5ab8f328-c493-4e76-a99d-4fdabf0f89bb', 9335000.00, '2025-06-09 16:08:20', 'Emas Antam 5gr'),
('dc50dc4f-4ac0-4781-bead-3cdc71356ec5', '2025-07-07 22:27:36.278305+00', '2025-07-07 22:27:36.278305+00', NULL, 'ee396999-b9eb-4471-ab89-d84a3a20fd36', 'ae009d3c-d03a-4e2e-a505-891f4adcdef7', 20000.00, '2025-07-05 05:15:12', 'jajan bazaar'),
('d76693f4-0a9f-4d11-a536-c2df35a60551', '2025-07-09 02:08:59.125211+00', '2025-07-09 02:08:59.125211+00', NULL, '496b6cec-588b-4556-ad37-716e1e9e1b37', 'ae009d3c-d03a-4e2e-a505-891f4adcdef7', 1672.00, '2025-07-08 09:07:35', 'Makan siang'),
('97ab2c00-e8ac-4e7d-8c82-8ff2a3f77d99', '2025-07-09 14:01:27.263995+00', '2025-07-09 14:01:27.263995+00', NULL, 'ee396999-b9eb-4471-ab89-d84a3a20fd36', 'c54b2d78-0308-4efd-876e-b4e3b9aea54b', 20000.00, '2025-07-09 21:00:58', 'Pertalite revo 2lt'),
('86ff90f2-a6ee-46b3-b2ba-8d4b08d754bb', '2025-07-13 09:48:22.0603+00', '2025-07-13 09:48:22.0603+00', NULL, 'ee396999-b9eb-4471-ab89-d84a3a20fd36', 'ae009d3c-d03a-4e2e-a505-891f4adcdef7', 12000.00, '2025-07-11 16:47:50', 'Cimol'),
('f7b6d7a2-046b-422d-b89d-2e23a674c919', '2025-07-13 09:49:33.66866+00', '2025-07-13 09:49:33.66866+00', NULL, 'ee396999-b9eb-4471-ab89-d84a3a20fd36', 'd9c4076d-a778-48e5-9914-6c679f9362ab', 30000.00, '2025-07-12 16:48:31', 'Pertalite vario 3lt'),
('9997b920-8a12-4082-ae3a-f7b48d109854', '2025-07-13 09:56:03.101083+00', '2025-07-13 09:56:03.101083+00', NULL, 'ee396999-b9eb-4471-ab89-d84a3a20fd36', '59d19fac-50b5-44ea-9a37-1f4ca1a2856a', 12000.00, '2025-07-13 16:55:23', 'Press mika + scan foto'),
('c3a62ec6-f490-412b-a2f4-8eaea675742c', '2025-07-13 10:02:39.730493+00', '2025-07-13 10:02:39.730493+00', NULL, 'ad76d679-e8ea-4447-99e8-ee83df34e384', '635fdfd1-31f4-472c-8d52-e59a66c31351', 3651680.00, '2025-07-13 17:02:02', 'Jual emas digital Pluang 2gr'),
('528d86cd-6922-4542-95c2-1aba44cb32b1', '2025-07-13 10:03:25.787114+00', '2025-07-13 10:03:25.787114+00', NULL, 'ad76d679-e8ea-4447-99e8-ee83df34e384', 'b5a5d097-6346-4b72-b975-8ebf0b4b72f1', 3666204.00, '2025-07-13 17:02:47', 'fund transfer to BCA Xpresi(Cash Out)'),
('cd166129-6efd-47d8-9daa-5ec332c9df6a', '2025-07-13 10:03:25.78805+00', '2025-07-13 10:03:25.78805+00', NULL, '496b6cec-588b-4556-ad37-716e1e9e1b37', '75a19b5c-43b4-4f84-ad2c-f844c40eec24', 3666204.00, '2025-07-13 17:02:47', 'fund transfer from Pluang Rupiah Wallet(Cash In)'),
('d114eac5-b0eb-4e24-8ec2-73e6fa008868', '2025-07-13 09:55:13.129012+00', '2025-07-16 03:29:14.815195+00', NULL, 'ee396999-b9eb-4471-ab89-d84a3a20fd36', 'e55a9430-68f1-406a-91a4-67aad81c8b44', 168500.00, '2025-07-14 06:53:08', 'Ganti Oli + Air Cooling Vario AHASS'),
('9b3f41d9-69e2-4b90-93dd-98be44fc873f', '2025-07-13 09:52:56.756947+00', '2025-07-16 03:25:11.051086+00', NULL, 'ee396999-b9eb-4471-ab89-d84a3a20fd36', '94002613-7ac8-4b62-be30-a7586a33a378', 90500.00, '2025-07-13 06:50:12', 'Akomodasi logistik tour'),
('7f86e2d6-72c5-47f3-9dbc-f5b602fa1e0f', '2025-07-13 11:54:59.130123+00', '2025-07-13 11:54:59.130123+00', NULL, 'ee396999-b9eb-4471-ab89-d84a3a20fd36', '552de2ae-6900-42ef-ace5-bfbdc1fce31a', 5000.00, '2025-07-12 18:54:28', 'Parkir grand city'),
('301a4e6c-7a51-4fb0-a3c1-2f3cfdc9a666', '2025-07-05 05:30:41.673224+00', '2025-07-13 11:55:30.260546+00', NULL, 'ee396999-b9eb-4471-ab89-d84a3a20fd36', 'e55a9430-68f1-406a-91a4-67aad81c8b44', 16000.00, '2025-07-05 19:29:19', 'Cuci motor vario & blade'),
('3cf3fe10-cd90-4a72-ac45-c5743def0971', '2025-07-16 02:48:38.331702+00', '2025-07-16 02:48:38.331702+00', NULL, '496b6cec-588b-4556-ad37-716e1e9e1b37', 'b5a5d097-6346-4b72-b975-8ebf0b4b72f1', 2000000.00, '2025-07-14 09:48:03', 'fund transfer to Dompet(Cash Out)'),
('66ab05c8-b1d5-4f70-99b1-6f902831b1c1', '2025-06-12 11:44:49.584641+00', '2025-06-12 11:44:49.584641+00', '2025-06-12 11:44:49.584305+00', '496b6cec-588b-4556-ad37-716e1e9e1b37', '75a19b5c-43b4-4f84-ad2c-f844c40eec24', 40000.00, '2025-06-12 11:44:03.518', 'fund transfer from Dompet(Cash In)'),
('38ac0fde-fa46-4172-afa8-5696d9c60b50', '2025-06-27 03:24:30.564359+00', '2025-08-03 05:48:21.893963+00', '2025-08-03 05:51:28.379961+00', 'ee396999-b9eb-4471-ab89-d84a3a20fd36', '94e06887-016c-4773-8c6d-4e77dec449c6', 55000.00, '2025-06-28 00:24:04', 'Balancing balance'),
('c8adc3b9-3ec8-485a-88ee-ff04e3d11720', '2025-07-16 02:48:38.354149+00', '2025-07-16 02:48:38.354149+00', NULL, 'ee396999-b9eb-4471-ab89-d84a3a20fd36', '75a19b5c-43b4-4f84-ad2c-f844c40eec24', 2000000.00, '2025-07-14 09:48:03', 'fund transfer from BCA Xpresi(Cash In)'),
('f0de3f2d-1f05-4e85-98b2-2b17930da1c2', '2025-07-16 02:50:14.390334+00', '2025-07-16 02:50:14.390334+00', NULL, 'f164a13d-8e1f-499a-bf74-ccbbd524e971', 'b5a5d097-6346-4b72-b975-8ebf0b4b72f1', 1000000.00, '2025-07-15 09:48:52', 'fund transfer to Dompet(Cash Out)'),
('14c15906-8e1e-4632-aca2-b22f9aba5a38', '2025-07-16 02:50:14.390676+00', '2025-07-16 02:50:14.390676+00', NULL, 'ee396999-b9eb-4471-ab89-d84a3a20fd36', '75a19b5c-43b4-4f84-ad2c-f844c40eec24', 1000000.00, '2025-07-15 09:48:52', 'fund transfer from Celengan(Cash In)'),
('00989ae9-ba61-485e-b0b6-a6109d8c9cbd', '2025-07-16 02:51:04.160162+00', '2025-07-16 02:51:04.160162+00', NULL, 'ee396999-b9eb-4471-ab89-d84a3a20fd36', '05b2c62e-ea18-4892-8666-29b36985fd79', 3000000.00, '2025-07-16 09:50:29', 'Utang ayah beli vario'),
('d62c6d53-073b-4acf-adb0-18b79ad5036f', '2025-07-17 22:06:57.89648+00', '2025-07-17 22:06:57.89648+00', NULL, 'ee396999-b9eb-4471-ab89-d84a3a20fd36', '552de2ae-6900-42ef-ace5-bfbdc1fce31a', 2000.00, '2025-07-17 05:06:03', 'Parkir gacoan'),
('9fcdcb70-c507-4e4c-8b42-7e41d19df4fc', '2025-07-20 13:37:34.342393+00', '2025-07-20 13:37:34.342393+00', NULL, 'ee396999-b9eb-4471-ab89-d84a3a20fd36', 'ae009d3c-d03a-4e2e-a505-891f4adcdef7', 10000.00, '2025-07-19 13:30:48', 'Es teh + gorengan warkop bening'),
('1dbdc70e-2203-413b-a678-3598acc6d5fc', '2025-07-20 13:38:14.011529+00', '2025-07-20 13:38:14.011529+00', NULL, 'ee396999-b9eb-4471-ab89-d84a3a20fd36', 'e3311cbb-9bf4-4c13-bd19-148361b4ee24', 500000.00, '2025-07-20 13:37:39', 'cicil utang vario'),
('6416591b-4b57-49c9-951e-27c4e17d1a71', '2025-07-20 13:38:49.038861+00', '2025-07-20 13:38:49.038861+00', NULL, 'ee396999-b9eb-4471-ab89-d84a3a20fd36', 'c54b2d78-0308-4efd-876e-b4e3b9aea54b', 27000.00, '2025-07-20 13:38:21', 'pertalite revo'),
('f493b022-9c9b-4f7c-8a89-5c609bc2acf4', '2025-07-21 02:04:17.701722+00', '2025-07-21 02:04:17.701722+00', NULL, '496b6cec-588b-4556-ad37-716e1e9e1b37', 'd9c4076d-a778-48e5-9914-6c679f9362ab', 40000.00, '2025-07-21 09:03:22', 'Pertalite vario 4lt'),
('241064b8-7360-4c58-b44b-6625e4a256e4', '2025-07-24 08:31:59.986475+00', '2025-07-24 08:31:59.986475+00', '2025-07-26 04:14:12.659364+00', 'ee396999-b9eb-4471-ab89-d84a3a20fd36', 'ae009d3c-d03a-4e2e-a505-891f4adcdef7', 20000.00, '2025-07-23 15:31:25', 'Ayam geprek 2'),
('9776e92b-c4e3-4880-829d-5633e47da2c5', '2025-07-26 04:15:06.511473+00', '2025-07-26 04:15:06.511473+00', NULL, 'ee396999-b9eb-4471-ab89-d84a3a20fd36', 'ae009d3c-d03a-4e2e-a505-891f4adcdef7', 20000.00, '2025-07-25 04:14:37', 'gorengan'),
('0ebe7bb8-63b5-46ba-98c6-1bacbd62e56f', '2025-07-29 03:44:12.764022+00', '2025-07-29 03:44:12.764022+00', NULL, '496b6cec-588b-4556-ad37-716e1e9e1b37', '10a812a1-9374-4f8a-8a85-64e5614177d1', 500000.00, '2025-07-27 10:41:29', 'Reksadana BRI Indeks Syariah Bibit'),
('c84b3103-0ec5-468d-8092-51df964fd523', '2025-07-31 02:18:37.456619+00', '2025-07-31 02:18:37.456619+00', NULL, 'ee396999-b9eb-4471-ab89-d84a3a20fd36', 'fb6c5f86-9bd0-49a4-a0fc-2d6f85fbb52a', 20000.00, '2025-07-29 09:16:32', 'parfum'),
('b58457dd-a3f5-40d5-a944-ca86d0c68890', '2025-07-31 02:21:22.79825+00', '2025-07-31 02:21:22.79825+00', NULL, '496b6cec-588b-4556-ad37-716e1e9e1b37', '9d560a79-0c9c-430f-b2f4-2a1d83a69008', 200000.00, '2025-07-31 09:18:47', 'jersey arariel'),
('153e0dcb-4fb6-488a-af69-237a0ad080ff', '2025-07-31 02:23:25.515114+00', '2025-07-31 02:23:25.515114+00', NULL, '496b6cec-588b-4556-ad37-716e1e9e1b37', '5bf20eda-d89a-44ff-a5ad-ece2e89ce1dd', 68720.00, '2025-07-30 09:21:27', 'headset rexus shopee'),
('5922925f-d3dc-4ff5-9238-295d830260f6', '2025-07-31 02:24:15.917634+00', '2025-07-31 02:24:15.917634+00', NULL, '496b6cec-588b-4556-ad37-716e1e9e1b37', 'ae009d3c-d03a-4e2e-a505-891f4adcdef7', 2005.00, '2025-07-30 09:23:31', 'tambahan makan siang'),
('0a617de8-b0c3-4a75-a9d5-83be43dc7bf4', '2025-07-31 02:28:07.45886+00', '2025-07-31 02:28:07.45886+00', NULL, '496b6cec-588b-4556-ad37-716e1e9e1b37', '219b3106-3211-48f7-a383-f05bfff592c2', 25000.00, '2025-07-19 09:27:38', 'Subscribe PM via Discord'),
('347c0bdf-5003-4113-82ea-f1d75dc97ece', '2025-07-31 02:30:08.666217+00', '2025-07-31 02:30:08.666217+00', NULL, '496b6cec-588b-4556-ad37-716e1e9e1b37', '5ddf661f-beb3-4339-979c-731ab6f57294', 10000.00, '2025-07-18 09:29:14', 'Biaya admin kartu ATM'),
('9c663c47-3365-4cbc-bd74-89933c341574', '2025-07-31 02:37:48.215868+00', '2025-07-31 02:37:48.215868+00', NULL, '496b6cec-588b-4556-ad37-716e1e9e1b37', 'e3311cbb-9bf4-4c13-bd19-148361b4ee24', 40000.00, '2025-06-12 09:36:57', 'bayar utang makan + bensin raynaldi'),
('eed64057-84f1-42d2-9d0a-7eb9f7f01255', '2025-08-01 02:21:10.825155+00', '2025-08-01 02:21:10.825155+00', NULL, '496b6cec-588b-4556-ad37-716e1e9e1b37', '4c59f52f-9353-401a-a0dc-8e3926f4858b', 700000.00, '2025-08-01 09:19:09', 'Uang saku magang'),
('f32305c4-4777-4db0-9700-9008aa0d55d9', '2025-08-01 02:22:13.359357+00', '2025-08-01 02:22:13.359357+00', NULL, '496b6cec-588b-4556-ad37-716e1e9e1b37', 'b5a5d097-6346-4b72-b975-8ebf0b4b72f1', 100000.00, '2025-08-01 09:21:53', 'fund transfer to Dompet(Cash Out)'),
('5e6574bb-bbd6-4f6f-82c5-5c98fae51fe0', '2025-08-01 02:22:13.359674+00', '2025-08-01 02:22:13.359674+00', NULL, 'ee396999-b9eb-4471-ab89-d84a3a20fd36', '75a19b5c-43b4-4f84-ad2c-f844c40eec24', 100000.00, '2025-08-01 09:21:53', 'fund transfer from BCA Xpresi(Cash In)'),
('ea9590b5-01fe-4b64-9d9a-731c4ee67b69', '2025-08-01 02:22:59.100696+00', '2025-08-01 02:22:59.100696+00', NULL, 'ee396999-b9eb-4471-ab89-d84a3a20fd36', 'd9c4076d-a778-48e5-9914-6c679f9362ab', 39000.00, '2025-08-01 09:22:18', 'Pertalite vario 4.3lt'),
('7c50c57f-e291-4694-a311-fc78f3e74abc', '2025-08-01 10:36:57.521145+00', '2025-08-01 10:36:57.521145+00', NULL, 'c98518a2-0fa1-4528-872c-6a0f96e0830a', '4c59f52f-9353-401a-a0dc-8e3926f4858b', 23424242.00, '2025-08-01 17:36:28', 'dfsfsfsfsfsfsfsfsfdsfs'),
('24d0204c-7cc1-4840-9fa9-3341d39963bb', '2025-08-02 00:47:43.459329+00', '2025-08-02 00:47:43.459329+00', NULL, 'ee396999-b9eb-4471-ab89-d84a3a20fd36', 'e6a3af62-02ca-4d6e-b786-583d4438e5ea', 10000.00, '2025-08-01 07:47:11', 'Infaq jumatan'),
('98411cf1-c53d-416e-aa39-d1affa5ee097', '2025-08-02 00:48:17.196078+00', '2025-08-02 00:48:17.196078+00', NULL, 'ee396999-b9eb-4471-ab89-d84a3a20fd36', 'e6a3af62-02ca-4d6e-b786-583d4438e5ea', 500000.00, '2025-08-02 07:47:47', 'mama & adek'),
('d1d7ca97-07b6-404a-b6e1-772e8629b77e', '2025-08-02 14:00:31.969603+00', '2025-08-02 14:00:31.969603+00', NULL, 'ee396999-b9eb-4471-ab89-d84a3a20fd36', 'ae009d3c-d03a-4e2e-a505-891f4adcdef7', 25000.00, '2025-08-02 20:59:43', 'Gorengan '),
('d9cb0dcd-ccc2-471d-9389-0a40b2d5f02c', '2025-08-02 14:01:16.448536+00', '2025-08-02 14:01:16.448536+00', NULL, '496b6cec-588b-4556-ad37-716e1e9e1b37', 'b5a5d097-6346-4b72-b975-8ebf0b4b72f1', 100000.00, '2025-08-02 21:00:35', 'fund transfer to Dompet(Cash Out)'),
('705df1e3-ac30-4a50-9f1e-fd38a14b8e13', '2025-08-02 14:01:16.449355+00', '2025-08-02 14:01:16.449355+00', NULL, 'ee396999-b9eb-4471-ab89-d84a3a20fd36', '75a19b5c-43b4-4f84-ad2c-f844c40eec24', 100000.00, '2025-08-02 21:00:35', 'fund transfer from BCA Xpresi(Cash In)'),
('97446ada-884d-46fd-b7be-ca54a00f93d5', '2025-08-02 14:01:42.045794+00', '2025-08-02 14:01:42.045794+00', NULL, 'ee396999-b9eb-4471-ab89-d84a3a20fd36', 'ae009d3c-d03a-4e2e-a505-891f4adcdef7', 7000.00, '2025-08-02 21:01:19', 'Kopi susu custom'),
('740e5dee-9582-493c-b5ca-5654cf0313c5', '2025-06-12 11:44:49.584305+00', '2025-06-12 11:44:49.584305+00', '2025-06-12 11:44:49.584305+00', 'ee396999-b9eb-4471-ab89-d84a3a20fd36', 'b5a5d097-6346-4b72-b975-8ebf0b4b72f1', 40000.00, '2025-06-12 11:44:03.518', 'fund transfer to BCA Xpresi(Cash Out)'),
('37c53ad3-a000-4536-886b-3d63471cf521', '2025-06-10 02:23:06.711727+00', '2025-06-10 02:23:06.711727+00', '2025-08-03 05:29:13.810268+00', '496b6cec-588b-4556-ad37-716e1e9e1b37', '5ddf661f-beb3-4339-979c-731ab6f57294', 10000.00, '2025-06-10 02:22:12.129', 'Biaya buka rekening baru'),
('5600a352-499e-4da8-b61e-8258c3c7eaa4', '2025-08-03 05:35:28.493269+00', '2025-08-03 05:35:28.493269+00', NULL, '496b6cec-588b-4556-ad37-716e1e9e1b37', 'ae009d3c-d03a-4e2e-a505-891f4adcdef7', 42900.00, '2025-07-17 12:33:34', 'Gacoan'),
('da078f31-9d91-403d-9267-8bb2bab7adcb', '2025-08-03 05:39:33.213884+00', '2025-08-03 05:39:33.213884+00', NULL, '496b6cec-588b-4556-ad37-716e1e9e1b37', '219b3106-3211-48f7-a383-f05bfff592c2', 22089.00, '2025-08-03 12:38:41', 'Membership youtube dzawin nur'),
('8f523430-1e24-478f-9aa5-f074c57831cb', '2025-08-03 05:54:35.171894+00', '2025-08-03 05:54:35.171894+00', NULL, 'ee396999-b9eb-4471-ab89-d84a3a20fd36', '94e06887-016c-4773-8c6d-4e77dec449c6', 95000.00, '2025-06-27 12:53:47', 'Balancing balance'),
('ac6c11be-dc93-4eb4-b1e7-65e3be047d38', '2025-08-05 06:33:12.514303+00', '2025-08-05 06:33:12.514303+00', NULL, '496b6cec-588b-4556-ad37-716e1e9e1b37', '9d560a79-0c9c-430f-b2f4-2a1d83a69008', 22000.00, '2025-08-03 13:25:22', 'gelang'),
('f35e93a9-70c0-4a60-b106-13cadc9a0dc8', '2025-08-05 06:34:32.719188+00', '2025-08-05 06:34:32.719188+00', NULL, '496b6cec-588b-4556-ad37-716e1e9e1b37', '296bca0d-9745-45fd-9501-4f752ab51ca6', 60000.00, '2025-08-05 13:33:16', 'Paket Internet AON 14GB'),
('bfe860e2-dc06-480d-841f-6f7974cb770f', '2025-08-06 02:22:34.834311+00', '2025-08-06 02:22:34.834311+00', NULL, '496b6cec-588b-4556-ad37-716e1e9e1b37', '219b3106-3211-48f7-a383-f05bfff592c2', 44289.00, '2025-08-06 09:21:03', 'Membership youtube programmer zaman now'),
('98a61c4d-9959-4c5e-9256-b51a86dc411e', '2025-08-06 02:23:03.693651+00', '2025-08-06 02:23:03.693651+00', NULL, 'ee396999-b9eb-4471-ab89-d84a3a20fd36', 'ae009d3c-d03a-4e2e-a505-891f4adcdef7', 30000.00, '2025-08-06 09:22:38', 'Molen'),
('e7564582-1fba-4c9d-b23a-c2e3526d5283', '2025-08-10 05:46:06.327522+00', '2025-08-10 05:46:06.327522+00', NULL, '496b6cec-588b-4556-ad37-716e1e9e1b37', '296bca0d-9745-45fd-9501-4f752ab51ca6', 15649.00, '2025-08-07 12:44:58', 'pulsa mama'),
('6108fa7f-9c1c-4205-833c-2e2763a33959', '2025-08-10 05:46:54.040845+00', '2025-08-10 05:46:54.040845+00', NULL, '496b6cec-588b-4556-ad37-716e1e9e1b37', '6d5bf1d4-f3a9-4ba4-910d-315db91fa04a', 34000.00, '2025-08-09 12:46:11', 'bioskop demon slayer'),
('57292252-ff41-44a0-bf15-23ed944e59a6', '2025-08-10 05:47:50.635174+00', '2025-08-10 05:47:50.635174+00', NULL, '496b6cec-588b-4556-ad37-716e1e9e1b37', '34ab9958-f478-443d-976e-b9f5147c5a12', 15502.00, '2025-08-10 12:47:02', 'diamond mobile legends'),
('47b9236a-4c7d-4076-b4d6-62b29ab08aeb', '2025-08-11 03:41:03.265059+00', '2025-08-11 03:41:03.265059+00', NULL, 'ee396999-b9eb-4471-ab89-d84a3a20fd36', 'ae009d3c-d03a-4e2e-a505-891f4adcdef7', 7000.00, '2025-08-09 10:40:04', 'kopi susu kwj'),
('a0422e46-94d4-4bf4-97de-ea9915d5534d', '2025-08-12 02:17:05.816561+00', '2025-08-12 02:17:05.816561+00', NULL, 'ee396999-b9eb-4471-ab89-d84a3a20fd36', 'ae009d3c-d03a-4e2e-a505-891f4adcdef7', 50000.00, '2025-08-11 09:16:30', 'ayam bakar mama cicik utuh'),
('bbe5f4cf-070f-4ef9-baec-d3023e918b4b', '2025-08-12 02:21:48.118714+00', '2025-08-12 02:21:48.118714+00', NULL, '63f462e6-23b5-480f-9b60-72dec314b341', '5ddf661f-beb3-4339-979c-731ab6f57294', 10000.00, '2025-07-31 09:21:10', 'biaya administrasi rekening'),
('25e71af9-61f6-43c2-9161-2fb1c471475f', '2025-08-12 10:39:17.040047+00', '2025-08-12 10:39:17.040047+00', NULL, '496b6cec-588b-4556-ad37-716e1e9e1b37', '86f87192-05ef-4cd2-a16e-b847a67864fe', 30521.00, '2025-08-12 17:38:09', 'Beli botol lipat tiktok'),
('a998253d-385e-4f46-aaa2-770082b9c457', '2025-08-13 02:53:28.71746+00', '2025-08-13 02:53:28.71746+00', NULL, '496b6cec-588b-4556-ad37-716e1e9e1b37', 'd9c4076d-a778-48e5-9914-6c679f9362ab', 30000.00, '2025-08-13 09:52:18', 'Pertalite vario 3lt'),
('537e13fc-afe3-47f7-a670-5678802e18f1', '2025-08-14 02:59:11.755239+00', '2025-08-14 02:59:11.755239+00', NULL, 'ee396999-b9eb-4471-ab89-d84a3a20fd36', 'ae009d3c-d03a-4e2e-a505-891f4adcdef7', 5000.00, '2025-08-14 09:58:51', 'kerupuk'),
('db627f94-cb64-4e50-a9d2-ef687a06c3bf', '2025-08-16 06:12:56.989994+00', '2025-08-16 06:12:56.989994+00', NULL, 'ee396999-b9eb-4471-ab89-d84a3a20fd36', '552de2ae-6900-42ef-ace5-bfbdc1fce31a', 5000.00, '2025-08-15 13:12:24', 'parkir grand city');

INSERT INTO attachments (id, created_at, updated_at, deleted_at, transaction_id, image, format, size) VALUES
('c4d02ab6-3c0e-408c-a3d9-df41e2ceca93', '2025-07-06 08:00:26.960551+00', '2025-07-06 08:00:26.960551+00', NULL, 'ddb679bd-bcc8-4e04-8839-3b5d2aad39da', 'TA_ddb679bd-bcc8-4e04-8839-3b5d2aad39da_20250706080026000000000_0..jpeg', '.jpeg', 56435),
('7075691f-9e47-4c5d-a4c0-a41809a01451', '2025-07-06 08:39:31.916095+00', '2025-07-06 08:39:31.916095+00', NULL, 'ed98cb5d-d11b-447f-89e4-9864e4e435b9', 'TA_ed98cb5d-d11b-447f-89e4-9864e4e435b9_20250706083931000000000_0..jpeg', '.jpeg', 304970),
('d7028bfd-d0f7-4dfc-853a-7dfff60cb46c', '2025-07-06 08:42:44.386902+00', '2025-07-06 08:42:44.386902+00', NULL, '3beda494-bba9-47fd-aa5b-f4c41e501c2e', 'TA_3beda494-bba9-47fd-aa5b-f4c41e501c2e_20250706084244000000000_0..jpeg', '.jpeg', 303266),
('a52f2296-6187-4363-85fc-cb6bbe96f6de', '2025-07-06 08:47:26.17289+00', '2025-07-06 08:47:26.17289+00', NULL, '63457e75-2ea2-4f18-94de-8248dd380b97', 'TA_63457e75-2ea2-4f18-94de-8248dd380b97_20250706084726000000000_0..jpeg', '.jpeg', 358032),
('baa4e2ef-3181-4060-8cf5-899ae1e51ff7', '2025-07-06 08:49:19.618604+00', '2025-07-06 08:49:19.618604+00', NULL, 'bd4e31f7-23e1-4242-9c8d-c98f76eb2963', 'TA_bd4e31f7-23e1-4242-9c8d-c98f76eb2963_20250706084919000000000_1..jpeg', '.jpeg', 394353),
('f25903a4-a351-4f5a-82b1-79b61ee85e25', '2025-07-06 08:51:05.077293+00', '2025-07-06 08:51:05.077293+00', NULL, 'ac1e34c9-9613-4044-ab49-673cd43400aa', 'TA_ac1e34c9-9613-4044-ab49-673cd43400aa_20250706085105000000000_0..jpeg', '.jpeg', 158706),
('219da04d-18da-4ba2-a3a6-d83d00d0fd80', '2025-07-06 08:53:33.016411+00', '2025-07-06 08:53:33.016411+00', NULL, '26ecc77d-5ea4-4258-8e8e-b3ac296d52c2', 'TA_26ecc77d-5ea4-4258-8e8e-b3ac296d52c2_20250706085333000000000_1..jpeg', '.jpeg', 102246),
('efeb454c-491b-4895-9b25-31ac4701e18e', '2025-07-09 02:09:00.116257+00', '2025-07-09 02:09:00.116257+00', NULL, 'd76693f4-0a9f-4d11-a536-c2df35a60551', 'TA_d76693f4-0a9f-4d11-a536-c2df35a60551_20250709020900000000000_0..jpeg', '.jpeg', 479393),
('466aa33b-6389-4e59-9274-a775dce3eab6', '2025-07-13 10:02:40.316611+00', '2025-07-13 10:02:40.316611+00', NULL, 'c3a62ec6-f490-412b-a2f4-8eaea675742c', 'TA_c3a62ec6-f490-412b-a2f4-8eaea675742c_20250713100240000000000_0..jpeg', '.jpeg', 145605),
('4086db4c-db50-45bd-805f-fc4263360e40', '2025-07-16 03:25:11.055693+00', '2025-07-16 03:25:11.055693+00', NULL, '9b3f41d9-69e2-4b90-93dd-98be44fc873f', 'TA_9b3f41d9-69e2-4b90-93dd-98be44fc873f_20250716032511000000000_0..jpeg', '.jpeg', 108348),
('d73410b5-d538-45c3-a5d3-80cfcb198d5b', '2025-07-16 03:29:14.816987+00', '2025-07-16 03:29:14.816987+00', NULL, 'd114eac5-b0eb-4e24-8ec2-73e6fa008868', 'TA_d114eac5-b0eb-4e24-8ec2-73e6fa008868_20250716032914000000000_0..jpeg', '.jpeg', 106787),
('7778a649-ed0b-41f7-a27a-08f4f525b1aa', '2025-04-02 08:58:39.966604+00', '2025-04-02 08:58:39.966604+00', NULL, '032726ce-8fc1-4595-87c2-c8c61063ce44', '-202504021558397ba7ad10-55d3-4285-9f21-0394075d90bb.jpg', NULL, NULL),
('cf494e85-84e4-4740-a1d5-50de4324e9d2', '2025-04-02 08:58:39.961593+00', '2025-04-02 08:58:39.961593+00', NULL, '032726ce-8fc1-4595-87c2-c8c61063ce44', '-20250402155839a248ae8a-7ab8-4810-a239-8e6b4841eb90.png', NULL, NULL),
('20e85779-b2f8-4b63-98f7-501bcc3786df', '2025-04-07 02:37:02.388633+00', '2025-04-07 02:37:02.388633+00', NULL, '4a52b8f6-1941-4b3c-8966-c17a49488a38', '-202504070937025b9bb1e9-360f-44d4-991b-bd556446952c.jpg', NULL, NULL),
('23aba04d-e451-4a07-98ad-2edaafd4be2e', '2025-04-12 05:54:54.887269+00', '2025-04-12 05:54:54.887269+00', NULL, 'ba3b9152-544e-4ec1-9474-2af9fe83a97d', '-20250412125454a7de7d27-d175-4398-8765-9bc5010b854c.jpg', NULL, NULL),
('6595b450-5821-405d-bbeb-96ca97ee9a11', '2025-04-13 08:01:46.684871+00', '2025-04-13 08:01:46.684871+00', NULL, '298979c6-1b98-4eff-be57-5f6bc86181c1', '-20250413150146e39b346a-6936-422a-adaf-337967525c14.jpg', NULL, NULL),
('0099637a-b520-431b-8631-4a414f98db44', '2025-04-13 08:01:46.723169+00', '2025-04-13 08:01:46.723169+00', NULL, 'e5b7bdf8-45d3-438c-9985-a651bf5da53d', '-202504131501464a76890f-2d09-41ec-94c1-88f3581109b6.jpg', NULL, NULL),
('b713d4d1-b2e8-43fb-8b57-5cd807b64b0d', '2025-06-25 23:37:23.98254+00', '2025-06-25 23:37:23.98254+00', NULL, '8bf27897-26eb-418b-81f2-9a159df897f7', '20250625233723-8bf27897-26eb-418b-81f2-9a159df897f7.jpeg', NULL, NULL),
('cf628b98-dbfe-4847-86a6-180e730058e1', '2025-06-30 05:31:06.176595+00', '2025-06-30 05:31:06.176595+00', NULL, '45fe314b-135e-43d4-8132-57fd94fc8902', '20250630053106-45fe314b-135e-43d4-8132-57fd94fc8902.jpg', NULL, NULL),
('a3ac8a96-f75a-41d4-a44e-29af4046a6cf', '2025-07-01 02:18:35.95137+00', '2025-07-01 02:18:35.95137+00', NULL, '3b331ec4-eea8-4420-94e5-9fc057e27589', 'TA_3b331ec4-eea8-4420-94e5-9fc057e27589_20250701021835000000000..jpeg', NULL, NULL),
('995e9faf-ae58-4b54-a10e-edc0ea6cbb33', '2025-07-01 02:18:35.956733+00', '2025-07-01 02:18:35.956733+00', NULL, '3b331ec4-eea8-4420-94e5-9fc057e27589', 'TA_3b331ec4-eea8-4420-94e5-9fc057e27589_20250701021835000000000..jpeg', NULL, NULL),
('82bb0544-d09c-4943-b8c7-e79363ade873', '2025-07-21 02:04:18.933619+00', '2025-07-21 02:04:18.933619+00', NULL, 'f493b022-9c9b-4f7c-8a89-5c609bc2acf4', 'TA_f493b022-9c9b-4f7c-8a89-5c609bc2acf4_20250721020418000000000_0.jpeg', '.jpeg', 568802),
('db8e477b-9f0a-4600-8d2b-3326a5230ba1', '2025-07-29 03:44:16.58424+00', '2025-07-29 03:44:16.58424+00', NULL, '0ebe7bb8-63b5-46ba-98c6-1bacbd62e56f', 'TA_0ebe7bb8-63b5-46ba-98c6-1bacbd62e56f_20250729034416000000000_0.jpeg', '.jpeg', 86623),
('1a0fcc48-9164-42f6-b229-c5432f026c27', '2025-07-31 02:21:23.572689+00', '2025-07-31 02:21:23.572689+00', NULL, 'b58457dd-a3f5-40d5-a944-ca86d0c68890', 'TA_b58457dd-a3f5-40d5-a944-ca86d0c68890_20250731022123000000000_0.jpeg', '.jpeg', 85777),
('84c4f9c7-efdb-4b12-9f56-037c27350d69', '2025-07-31 02:23:26.207117+00', '2025-07-31 02:23:26.207117+00', NULL, '153e0dcb-4fb6-488a-af69-237a0ad080ff', 'TA_153e0dcb-4fb6-488a-af69-237a0ad080ff_20250731022326000000000_0.jpeg', '.jpeg', 53484);
-- +goose StatementEnd

-- +goose Down
-- +goose StatementBegin
TRUNCATE TABLE users;
TRUNCATE TABLE wallets;
TRUNCATE TABLE transactions;
TRUNCATE TABLE attachments;
-- +goose StatementEnd
